-5975.4,-1174.7,2674.4,1980.3,405.2,2246.6,5380.3,5034.1,1319.5,-1786.4,-2954.7,-4132.3,-5568.6,-4984.3,-2055.6,289.66,157.34,-783.17,-277.19,1454.6,2914.9,3606.7,3739.3,3114.3,1628.2,-9.154,-1027.1,-1422.2,-1444.2,-966.45,75.71,1183.9,1664.5,1139.2,-309.29,-1898,-2195,-436.21,1990.2,2400.6,-221.03,-3711.8,-4816.1,-2586.6,709.36,2070.9,873.86,-822.28,-1110.7,-586.49,-904.8,-1645,-630.39,2281.5,4057.2,2592.9,46.122,-29.721,2453,4418.7,3876.1,1525.8,-1202.3,-3278.8,-3651.9,-2118.3,-412.36,-219.13,-601.15,155.66,982.02,-417.08,-3001.7,-3379.4,-1440.1,-631.1,-1897.2,-2105.5,-9.0396,1300.3,376.6,676.34,4171.9,6629.1,4118.9,-6.0884,-418.12,1412.7,398.06,-2789.6,-3000.7,-75.111,864.06,-1171.5,-1234.7,2224.7,3789.4,-11.674,-4810.1,-5339,-2621.8,-109.06,2069.6,4348.5,4160.8,465.69,-2436.3,-1306.6,-187.06,-3728,-7867.1,-5041.9,3291.8,7880.3,5232,1449,1053.1,451.54,-3674.2,-6712.1,-2769.1,5479.6
-6043.8,-1826,2111.1,1655.4,-55.737,1819.6,5532.9,5611.7,1751.1,-1249,-1516.3,-1996.1,-3997,-4631.7,-2301.5,155.3,118.52,-875.07,-378.24,934.17,1175.4,744.18,1139.1,1959.4,1662.7,271.18,-847.39,-1205.7,-1399.5,-1548,-1015.1,478.26,2344.2,3480.3,2874.3,717.91,-880.39,235.53,3042,3679.5,260.7,-4162.6,-5140.4,-2327.2,438.16,141.78,-2131.3,-3223.8,-1931.1,-180.92,-393.08,-2228.5,-2778.3,-446.35,2423.9,2428.8,67.334,-569.46,2513.5,6321.8,6906.6,4176,989.64,-785.34,-1312.3,-1136.7,-577.81,-142.61,-29.155,147.16,128.33,-1233.4,-3797.3,-5330.2,-4488.8,-2912.5,-2463.6,-2262.5,-839.13,712.94,762.01,630.36,2500.6,5092.6,5330.4,3448.6,2246.1,1839.3,-123.82,-3024.8,-3235.2,-440.59,1234,134.32,-121.28,2627.2,4565.1,1818.1,-3228.5,-5578.7,-4270.6,-1551.9,1285.3,3203.7,1921.4,-2286.1,-4471.2,-1775.1,943.47,-1677.6,-5715.1,-3126,4918.1,8714.5,4521.6,-633.07,-1085.8,-665.85,-3896.7,-6638.9,-2550.4,5885.5
1548.2,-471.96,341.94,1022,-25.03,-151.43,1953.2,3056.1,430.15,-3758.8,-5700.5,-4589.8,-1940.2,940.95,2885.4,2874,1755.7,1482.9,1661,73.319,-2487.4,-2236.3,1061,2469.8,-391.85,-3067.1,-1592.7,901.59,108.83,-1553.6,443.69,3802.7,2759.7,-1689.2,-3058.9,-191.27,1443.8,-210.16,-809.1,1464.3,2265.5,-247.29,-937.42,3175,6148.6,1835,-5853.4,-8341.9,-4516,-535.13,159.51,-135.15,671.53,1697.2,2232.4,2558.7,1650.5,-1419.6,-4125.2,-3133.7,69.987,1090.7,-125.54,588.06,3891.4,5297.5,2820.6,470.2,1415,2819,1056.9,-2184.7,-3092.1,-1813.2,-1286.3,-2283.8,-3351.5,-3896.3,-4029.2,-2973.1,-631.64,998.35,828.32,947.89,2756.5,3497.3,908.1,-1225.2,2042.8,7696.5,7414.2,57.198,-5479.5,-2810.2,2741.6,2395.9,-3207.9,-5863.4,-2484.5,1047.9,-369.21,-3503,-2367,2477.5,4850.2,1931.4,-2213.1,-2892.7,-797.86,569.83,675.9,1520.6,2713.7,1352.1,-2620,-5053.6,-3456.3,-585.06,491.81,1398.1,4510.8,7008.6
782.66,-765.38,737.6,1994.2,521.91,-1120.7,-98.509,1748,985.91,-2055.9,-4124.1,-3531.7,-1281.5,1006.9,2243.7,2009.4,1087.5,812.95,1024,297.3,-1121.1,-1087.2,642.49,1321.2,-349.44,-1804.7,-952.44,310.25,-84.225,-320.58,1601.9,3102.3,844.45,-2898.7,-3245,-657.24,88.337,-1699,-1743.3,1134.5,2804.6,1547.5,1362,4262.2,5382.3,584.06,-5858.9,-6848.5,-2511.2,1058.1,1034.7,190.15,869.13,1889.9,1678.5,351.73,-1686.3,-3894,-4403,-1939.3,1321.3,2184.9,1327.3,1976.2,4000.5,3807.3,698.93,-1376.5,-60.077,1735.2,764.94,-1598.7,-2242,-1209.7,-662.18,-1113.3,-1614,-2015,-2463.3,-2127,-702.38,403.25,522.33,1335,3531.4,4261.6,1409.5,-1694.5,-390.25,3604.4,3876.4,-957.42,-4614,-2306.5,2179.7,2215.6,-2087.7,-4566.9,-2054.1,1729.9,2036.7,-608.85,-2021.3,-435.65,1551.4,1028.4,-1268,-2172.9,-293.52,2529.4,3814.1,2943.5,713.61,-1971.2,-3928.3,-3710.3,-1340.6,1018.3,1718,1831.1,2802.7,3241.8
-2263.2,1847.3,2076.8,-1458.9,-2982.1,1015.6,6800.9,8128.7,3604.9,-2910.5,-7533.2,-9224.4,-8213.5,-4706.2,-53.477,3015.9,3059.2,1855.9,2082.7,3548.7,3616.3,1543.2,117.92,1472.7,3223.7,1600,-2504,-4221.6,-1846.2,656.87,16.064,-1378.3,-137.47,1814.5,356.34,-3298.5,-3680.3,519.16,4373.8,3996.1,1107,-1156.3,-2339.1,-2419.3,-53.855,3780.5,4438.8,-211.65,-5535.1,-6166,-3390.9,-1902.6,-1847,222.45,3915,4782.4,1804.7,-605.1,533.06,2751,2868.8,1546.5,814.75,573.11,12.315,-270.51,157.74,263.83,-325.6,-352.1,230.48,-732.15,-3676.1,-5363.6,-3493.7,-610.87,-376.79,-2203.5,-2860.9,-1513.6,318.11,2283.2,4973.7,7056,6189,2569.2,-1224.9,-3410.4,-3591.4,-1476.9,1914.1,3175,482.12,-2447.3,-772.96,3733.3,4387.7,-752.92,-6170.9,-6867.7,-3863.8,-103.78,3662.1,6223.4,4539.1,-990.74,-4471.2,-2374.5,520.02,-1656.6,-6193.8,-5752,235.94,5179.8,5649.2,4769.8,4412.1,1410.1,-5146.2,-9004.2,-4384.6,4982.7
-3881.7,955.55,2872.2,178.05,-2162.2,196.36,4610.6,5517.1,2069.7,-2069.3,-4612.3,-6081.4,-6301.7,-3931.7,82.534,2433.8,2002.5,1367.2,2409.6,3346.7,2149.9,440.76,1157.7,3663.2,4185.5,1087.9,-2822.7,-4073.5,-2785.6,-1715.5,-2034.5,-2018.9,-259.69,1594.1,941.35,-1608.5,-2373,487.43,4098.7,4407.8,1332.8,-1469.7,-1304.1,988.27,2868.2,2627.4,51.405,-3604.2,-5958.5,-5406.4,-3030.2,-1193.8,-246.04,1406.5,3741.3,4255.9,1856.6,-789.72,-731.98,1222.9,2123.6,1225.4,334.16,536.42,973.95,803.02,386.43,287.21,495.25,753.1,544.14,-934.8,-3484.7,-5050.9,-3844.3,-1111.7,41.753,-1304.8,-2844,-2384,-389.83,1561.4,3150.6,4813.7,5883.5,4769.9,1136.9,-2788.7,-3720.6,-723.13,2990.9,3013.7,-806.52,-3581.2,-1648.2,2219.7,2611.1,-918.76,-3780.8,-3335.4,-1520.4,-24.201,2234.7,4896.4,4322,-590.63,-4844,-3960.7,-897.74,-1269.7,-4217.2,-4056,223.47,3638.4,3588.6,2937.7,3148.2,1016.6,-4206.2,-6343.7,-485.11,8211.5
-1555.4,1715.9,2513.2,324.26,-1293.7,405.28,3841.1,5154.4,2626.8,-1965.7,-5797.5,-7497.9,-7117.5,-4933.6,-1452.8,1836.8,3194.9,2631,2068.6,2662.9,3024.4,1525.4,-522.14,-229,2353.2,3603.2,1253.3,-2231.7,-2942.7,-618.84,1615.8,1582.6,-82.517,-1877.4,-3032.6,-3109.3,-1903.1,-166.18,875.12,884.51,286.69,-750.9,-1728.1,-934.76,2511.6,5970.8,5401.5,743.67,-3494.4,-4012.4,-2416.1,-1697.9,-1779.9,-908.86,666.58,1313.5,1061.6,1242.9,1775,1376.9,145.05,-433.9,64.698,605.51,653.88,640.17,621.42,324.12,250.49,819.68,829.34,-988.05,-3240.4,-3325.1,-1504.1,-649.9,-1691.1,-2421,-1505.7,-382.54,42.33,1237.7,3738.7,5128.7,3692,1310.3,154.05,-742.39,-2550.8,-3065.7,-62.239,3764.1,3778.2,308.53,-1974.5,-1214.5,-346.66,-1611.2,-3511.6,-4134.1,-3406.2,-1036.8,3537.7,7747.3,7017.5,1554.1,-2552.9,-1999.3,-1321.2,-4956.9,-8743.8,-5667.3,2642.5,7502.1,5617.4,2462.7,2011.9,668.42,-4665,-8735.5,-4553.7,5300.7
-3409.7,831.33,2252,-105.02,-1672.6,798.8,4664.1,5244.4,1811.7,-2396.6,-4628.2,-4826.7,-4028.6,-2707.5,-1085.1,285.04,1001.9,1367.6,1912.8,2517.9,2433.6,1378.7,322.84,551.54,1843.7,2389.6,1068.2,-1007.6,-2098.8,-2155.9,-2179.7,-1992.9,-635.84,1138.8,1076.3,-1138.4,-2692,-1216.3,1958.3,3584.8,2445.4,119.54,-1281.6,-814.22,1032.7,2428.9,1369.5,-1845.2,-4123.8,-3139.9,-541.59,286.05,-1033.3,-1718.6,-266.21,1564.7,1835.1,1156.5,1093.9,1620.5,1679.1,1141.3,748.43,756.24,797.07,682.97,495,235.4,-45.784,-244.86,-695.6,-1934.4,-3532.1,-4063.7,-2895.4,-1168.5,-295.83,-294.4,-357.2,-202.93,90.265,854.63,2368.2,4035.7,4819.6,4120.3,1893.1,-1194.7,-3308.1,-2612.9,141.62,1734.5,521.01,-1240.9,-898.97,481.6,67.599,-2049.9,-3277,-2795.8,-1863.7,-270.53,3256.3,6635.8,5263.9,-743.39,-4772.2,-2565.3,1169.5,-294.51,-5183,-5704.5,68.336,5379.8,4922.7,1633.9,370.98,77.829,-2721.2,-5917.3,-3675.8,4011
-2716.9,829.45,7001.7,5897.7,-1453.6,-3050.6,4420,9341.1,3271.1,-6975.1,-11603,-11088,-9647,-5655,2190.7,7390.7,4467.5,-829.87,-37.741,4277.9,3434.5,-2389.2,-4597.9,-10.282,5363.2,6193.2,3443.1,140.71,-1533.6,483.25,5156.8,5976.3,-1247,-9834.2,-9753.1,-2363,1797.6,-574.94,-2207.2,468.34,1609.8,-1431.2,-1444.3,5766.7,11726,7364,-2759.2,-7821.9,-6605.8,-5935.1,-7174.6,-4929.2,1927.4,7489.3,7760.7,4748.5,942.74,-3297,-5956.4,-3797.1,1731.8,4960.1,4036.9,2800.7,3053.5,1442.7,-3030.1,-4836,-114.23,5910.3,5608.8,-88.425,-3642.5,-2380.4,-1584.6,-5275,-9518,-8056.5,-1312.6,4130.7,4107,1417.2,973.72,3059.8,3743.3,973.63,-2425.6,-2441.6,1271.7,5179.7,5512.6,1768,-2367.8,-2006.3,3071,6332.8,1836.9,-6697.5,-9471.2,-4292.9,220.69,-1462.4,-2643.3,3777.2,11374,8740.3,-2190.7,-8626.3,-6397.1,-3867.1,-5194.3,-3680.3,3485.1,7389.7,2313.4,-3367,-1333.3,2088.2,-2012.8,-7212,-1282.3,11525
-3498.8,-1804.8,2670.6,2032.9,-3023.4,-2885.5,4778.2,9713.3,4498.7,-4544.1,-7754.8,-5092.7,-2019.1,360.42,3434.4,4917.4,2415.4,-675.74,-68.684,1718.8,-511.14,-5358.6,-6600,-2643.5,2136.6,4411,4513.2,3104.2,635.57,-801.42,-9.8127,323.23,-2064.6,-4041.9,-2090.7,526.24,-1173.1,-4085.8,-1195.8,5547.3,6783.5,1207.6,-1345.6,4116.1,9029.6,4693.2,-4301.3,-7888.2,-5261.4,-3236.4,-4261.7,-4635.5,-2428.6,333.31,2264.7,3216.4,1583.8,-3113.2,-6316,-3170.4,3744.7,7445.6,6513.3,5622.3,6438,5200.4,679.61,-2433.1,-997.98,1380,203.02,-3320.8,-5284.6,-5238.7,-5474.1,-6423.3,-6286.2,-4111.7,-838.57,1921.4,2881.5,2160.4,1993.8,4304.6,7099.3,6284.6,2020.2,-516.6,1230.6,2768.5,-651.23,-5976.5,-5973.8,366.03,5956.7,4768,-1021.7,-4770.1,-3743.6,-1242.4,-1028.1,-2157.8,-1002.1,2562.6,3984.8,449.64,-4350.1,-5032.4,-2057.1,-5.088,357.74,2436.2,6045.3,6079.8,1135.4,-3180.3,-3144.5,-2564.9,-4531.9,-4195.9,2808.9,10169
-3383.3,362.09,6211,5916.5,308.46,-691,5652.1,9226.9,2411.5,-8551.6,-13771,-12875,-10648,-6957.8,88.046,6383.2,6543.8,3113.6,2534.1,4427.1,3298,-736.01,-1541,2679.5,6260,4511.6,-551.14,-3900.7,-2465.3,3291.8,8471.7,6081.5,-4420.9,-13127,-10791,-1699.2,2563.5,97.095,-828.17,2293.2,2283.2,-2754.8,-3364.7,5488.4,13432,8898.1,-3706.3,-11245,-10346,-7887.2,-6937.2,-3592.9,3117.3,8288.7,9057,7525.5,5021.2,703.53,-3363,-3018.8,750.83,2176.8,-180.82,-1433.9,679.48,1994.6,60.366,-936.69,2149.5,4872.1,1944.9,-3944.1,-6156.5,-4081.9,-3109.3,-5886.1,-8882,-7786.6,-2559.1,3361.7,6541.6,6225.8,4858.5,5056.9,5453.1,2285,-3332.7,-3979.8,3982.8,12344,9650.7,-2911.8,-11361,-6709,3329.5,5026.2,-3231.7,-10192,-8144.7,-2565.8,-1933.8,-3897.4,793.75,12161,17925,9969.3,-3770.3,-10428,-9268.1,-8479.6,-8993.5,-3838.9,6245.6,10015,3174.7,-3683.7,-2121.2,784.73,-3105.1,-5813.6,4082.2,18490
-3790.6,-1197.7,3465.3,3814.7,-80.145,-1006,3414.5,6163.7,1836.1,-5129.9,-7904.6,-6605.3,-4833,-2416.3,2173.2,6258,6183.2,3468.4,2089.3,1797.4,-428.72,-3977.2,-5000.2,-2412.5,996.03,2837.1,2839.3,1292.7,-840.45,-1551,-563.11,-547.42,-2579.7,-3411.2,-1035.6,866.74,-785.92,-1916.2,1992.9,6395.1,4006.9,-1692.7,-225.04,8400.3,11666,3285.1,-7104.3,-8780.3,-4735.3,-3849.1,-6210.9,-5706.2,-1958.7,121.81,-132.14,834.49,2637.3,1253,-2688,-3558.3,520.09,5160.1,6933.8,7088.7,6861.7,4975.3,1699.4,142.73,1134.7,1256.1,-1681.3,-5124.2,-6054.1,-5225.8,-4806.4,-4908.9,-4689.5,-4149.2,-3004.2,-505.59,2138.4,2374.2,900.8,1828,5970.4,8141.6,4651.6,-272.91,-330.47,3241,3590.5,-1076.9,-4675.5,-2467.9,1814.2,1431.5,-3586.6,-6448.6,-3272.5,1340.4,1056.7,-2418.2,-1324.4,5954.6,10542,4946.5,-5422.6,-9224.4,-4880.4,-976.6,-1651.2,-1399,3064.3,5687.8,1501.1,-4302.7,-5120.9,-3527.3,-4259.8,-3155.3,5582.4,15440
416.9,2288.4,2028.1,-340.74,-2010.7,-417.61,3329.9,5100.5,2298.7,-3179.9,-7302.1,-8134.9,-6496,-3526.2,179.39,3333.1,4358.1,3618.3,3124,3286.5,2240.4,-463.46,-2040.7,-436.19,2045.6,1854.2,-568.34,-1839.4,-1024.5,-395.28,-856.22,-407.2,1713,2748.8,434.59,-3101.9,-3899,-1264.6,1827.1,2573.3,788.06,-1773.7,-2883.1,-1190.6,2320.8,4569.1,3344.9,-258.21,-3348.9,-4443.9,-3975.8,-2523.2,-346.89,1686.6,2517.2,2288.5,1959.3,1637.6,720.76,-472.47,-844.47,-329.66,66.308,180.03,913.24,2212.1,2633.7,1609.8,471.72,315.42,349.81,-568.2,-2067.5,-3104.1,-3566.4,-3848.1,-3741.1,-2925.2,-1818.6,-905.42,92.844,1481.1,2793,3523,3745.2,3328.3,1860.4,224.1,437.69,2450.3,3113.5,597.06,-2119.2,-1325.2,1381.2,1243.7,-2115.2,-4144.6,-2972.5,-2262.3,-4112.5,-4264.8,1112.7,7601.2,7445.4,741.85,-4491.6,-3736.3,-1365.6,-2403.7,-4422.1,-2103.8,3674.3,6882.7,5213.4,2391,1082,-1094.3,-5757.7,-8391.2,-3710.7,5447.9
-349.37,1841.7,3189.4,2186.4,-140.08,-883.12,991.56,2695.7,905.3,-3801.4,-7571.8,-7876.6,-5512.6,-2256.9,1091.4,3842,4900.4,4268.8,3347.2,2721.6,1386.6,-732.54,-1520.4,270.8,2404,1864.6,-912.09,-2833.9,-2467.8,-1206.9,-450.11,-31.517,292.5,-55.869,-1148,-1837.1,-1120.6,690.57,2442.9,2994.5,1802.2,-311.32,-1351.7,-374.94,1004.6,841.92,-171.39,-120.12,421.05,-919.99,-3827,-4831.1,-2337.8,986.65,2338.9,2294,2270.9,1510.7,-657.07,-2088,-750.5,1452.8,1373.9,-177.48,241.17,2871.4,4262,2739.3,550.06,-224.74,-436.92,-1354.1,-2419.1,-2976.5,-3615.7,-4334.2,-3789.5,-1839.3,-450.76,-555.16,-410.85,1233.8,2880.8,3133,3131.9,3736.9,3068.4,78.375,-2019.8,-39.824,3387.5,3149,-294.11,-1653.8,317.17,685.44,-3169.9,-6685.7,-5274,-1565.4,-600.42,-1259.5,1426.4,6887,8488.2,3351.6,-3007.2,-4511.1,-2518.1,-2135.5,-3697.7,-2946.9,1259.7,4549.1,3501.7,358.83,-1170.5,-1526.8,-3065.4,-4287.8,-1206.9,5430.3
3011.7,4996.9,2410.5,-830.32,-1354.2,-493.14,-405.66,-680.71,-829.69,-2223.6,-5077.9,-6594.8,-4639,-988.06,1250.5,1585.1,1672.4,2550.7,3874.7,4556.5,3288.5,42.047,-2589.4,-1842.8,1003.9,1744.4,-762.48,-3051,-2551.9,-824.13,375.53,2027.2,4219.2,3822.6,-437.01,-4161.6,-2870.7,1481.1,3979.3,3875.7,3256,1392.4,-3336.9,-7612.4,-6215.4,-694.8,1792.1,-982.57,-3628.1,-2501,-865.14,-1734.2,-2056.4,1398.4,5467.6,5267.6,1920.8,337.14,1633.4,2705.3,1841.8,303.8,-730.13,-933.33,533.42,3582.2,5346,3336,-433.2,-2102.9,-1877.9,-3220.9,-6533,-8048.9,-5704.9,-2191,-844.95,-1604.7,-2388.2,-1909.8,151.09,3561.1,6848.2,7886.1,6079,2810.9,-235.63,-1760,-725.76,1987.3,2761.8,-556.84,-4276.2,-2898.1,2476.2,4794.6,1135.1,-3311.9,-3633.7,-1951.1,-1905.8,-1658.1,1815.6,5157.5,2409.7,-5036.2,-9145.9,-6296.8,-1478.7,113.06,60.885,2244.5,5724.7,6389.3,3552.1,729,145.21,-103.71,-2281.6,-4642.7,-3183.9,2432.6
856.02,4346.4,3090.5,-1028.9,-2804,-768.28,1698.3,1550.1,-628.74,-2744.8,-4014.9,-4572.5,-4052.9,-2116,363.78,1914.7,2145.3,1986.7,2200.6,2301.2,1387.2,-234.73,-995.06,-24.497,1416.5,1369.9,-208.42,-1456.7,-1288.6,-593.59,-238.11,440.19,1888,2574.3,913.29,-1820.3,-2534.7,-161.95,3162.5,4661.3,3237.3,-395.14,-4133.9,-5271,-2892.6,354.29,843.87,-1521.8,-3496,-3290.5,-2450,-2190.8,-1029.8,2046.4,4759.2,4524.5,2367.7,1120.5,1178.6,920.34,213.45,371.92,1180.5,1094.4,317.79,686.52,2250.4,2891.7,1841.7,655.87,-89.108,-1999.8,-5356.3,-7315.2,-5763.7,-2730.2,-1559.4,-2327.6,-2491.9,-906.12,1263.9,2933.2,4073.7,4504.5,3693.8,1946.2,442.09,-8.5343,516.99,1332.3,1276.3,-399.01,-2312.2,-1594.2,2190.3,5305.7,4191.4,189.24,-2658.4,-3213.7,-3299.4,-3123.1,-1024.3,1908.1,1650.4,-2564.2,-6015.2,-5049.6,-2179.6,-1287.8,-1101.7,1947.7,6517.6,7423.1,3532.2,-587.13,-1764.5,-2116.1,-3792,-4250.4,-424.71,5258.1
-10058,1144.2,5008.1,485.78,-334.33,6263,10004,4483.2,-3266.5,-5882.7,-6373.5,-9041.8,-9856.7,-4201,3341.5,5612.9,3874.5,3898.4,5292.6,3234.3,-1616,-3165.6,587.07,4757.9,4696.2,819.17,-3869.9,-6746.7,-5919.2,-1427.4,3617.2,5842,5076.9,2792.9,-912.44,-5330.4,-6412.3,-1083.5,6553.3,8569.7,3227.1,-2942.3,-4054.2,-1615.2,-541.32,-1951.3,-2755.8,-918.73,1281.2,-293.97,-6260,-11498,-9929.4,-1784.5,6210.9,8802.9,7339.2,5481.1,3917,2329.4,2239.9,3431.4,1732,-3897.8,-6179.2,1037.8,11272,12527,4471.3,-1673.2,-834.34,-671.67,-7245.6,-14606,-14676,-9334.2,-5773.3,-5816.4,-6259.5,-4965.4,-972.32,6711.5,15114,17059,10330,2164.5,-576.13,3.2114,-459.39,-330.56,2317.3,3046.4,-792.94,-2248.7,4065.5,9687.9,4254.5,-6041.2,-7515.4,-2407.7,-4761.7,-13920,-13145,1198,10397,2658.9,-7957.6,-5382.7,2927,1661.6,-4908.9,-1836.4,8983.7,12089,5260.4,1385.4,3606.9,127.12,-11654,-15917,-2794,14165
-11026,2866.3,8549.3,1864.3,-2642.3,4183.9,11767,7672,-3207.7,-8633.3,-8114.4,-8973.7,-10545,-6474.9,1084.5,3432.8,210.36,-365.81,3695.9,5257.9,1622.6,-458.13,3249.3,7476.6,6797.1,3529.4,1710.2,472.15,-1887.7,-3464.5,-2719.2,-1470.7,-629.7,1147.8,1886.3,-2931.8,-10086,-8174.1,5620.7,16681,10695,-5661.6,-13064,-5347.1,4884.6,6090.1,1205.4,-2072.2,-3942.8,-8589.4,-14023,-13650,-5953.3,3294.5,8427.4,9505,9850.6,10833,10825,8299.6,4058.2,-152.77,-3800.9,-6587.7,-6304.2,-822.48,7249.2,11339,8175.3,1383,-4156.7,-8200,-12456,-15443,-14457,-10564,-7185.4,-5034.4,-2469.3,630.04,3574.6,7829,14325,18880,15724,5776.7,-3166.6,-4980.9,-625.78,4240.2,3877.9,-3111.3,-10098,-6920.8,6249.1,14521,6525.1,-7887.6,-10537,-2030.2,379.68,-7864.7,-11033,-952.65,7491.9,957.06,-9783,-8590.8,-871.88,-1433.8,-6300.6,-202.59,13689,16707,6540,719.16,4675.6,2318.2,-12153,-18216,-1221.7,20038
-2008.1,-25.414,1161.9,456.4,205.44,2252.5,4506,3528.7,-741.2,-4870.5,-6038,-4580,-2467.9,-769.98,677.9,1943,2445.4,1859.1,829.41,275.58,397.34,957.39,1993.8,3164.9,2868.2,-125.18,-3950.8,-4787.9,-1771.4,1395.4,1419.6,-148.48,-3.795,1292.2,475.58,-2371.7,-3156.7,8.9666,3606.2,3565.1,597.65,-1479.2,-815.25,1194.7,2366,1578.3,-865.85,-3254,-3734.9,-2659.7,-2382.1,-3602,-3673.1,-361.64,4261.7,6024.9,3873.4,660.46,-728.57,12.155,1476.7,2084.1,987.11,-860.7,-956.06,1713.9,4471,3840.9,214.43,-2686.2,-2857.6,-2074.6,-2575.8,-4039.9,-4711.3,-3787.5,-1879.2,-304.98,-200.68,-1132.9,-829.25,2113.3,5627.5,6255.8,3516.8,119.58,-1592.7,-1001.8,1859.1,5250.4,4797.9,-1391.8,-7172,-4413.2,4371.7,7165,-557.17,-8246,-5835.7,1002.7,682.89,-5077,-4389.4,4375.6,8982,2718.7,-5199.4,-4681.4,331.89,621.04,-2643.8,-1527.5,3999.8,6036.2,2067.6,-1801.4,-1804.4,-1573.8,-3562,-3500.5,1838.5,7455.3
-6605.1,-769.46,5682.4,5974.1,3297.8,3916.1,6167.3,4018.5,-2519.1,-8195.3,-10864,-11821,-10284,-4830.8,1420.2,4035.7,4113.5,5262.8,6021,3034,-291.84,2410.7,8708.5,9309.8,2556.7,-3038.6,-2715.4,-1643.8,-3734.6,-4589.2,-1008.9,1869.2,-397.89,-3711.6,-3744.1,-3922.8,-6829,-5843.8,3824.4,12477,7473.3,-6082.4,-10151,924.68,13197,13691,5920.8,-110.56,-2778.4,-6265.1,-10446,-11363,-8035.1,-2750.7,2784.8,7103.3,7673.4,4150.8,357.79,-669.62,-892.23,-2915.1,-4503.6,-1908.5,3578.1,7065,6820.2,5400.4,4774.8,4087,2002.9,-1737.7,-6718.6,-11232,-12133,-8140.3,-2581.2,-1.441,-604.98,-787.88,1487.4,4861.6,7548.2,8643.9,6481.7,-258.06,-8231,-9869.1,-1691.3,9189.4,10998,1213.1,-8527.6,-5346.3,7925.6,14451,4605.1,-10571,-13740,-4497.6,2194.1,-464.59,-2456.1,3958.1,9913.4,4574.6,-6313.8,-9613.6,-5508.7,-4186.5,-5969.2,-1464.1,8729.4,11785,3859.9,-2957.2,-1530.5,-1310.7,-8787.3,-11723,1598.5,18915
2401.8,4039.4,1719.9,-1086.5,-75.625,3230,3797.4,323.98,-3681.2,-5348.7,-5285,-4785.7,-3612.2,-1687.3,-448.88,-857.8,-1553.9,-553.61,1942.1,3720,3402.5,2166.5,2101.7,3196.1,3061,421.77,-2265,-1722.3,1088.5,1800.8,-820.17,-2655.5,-607.51,2176.7,1000.2,-2876.9,-3853.4,-70.067,4475.4,5734,3558.3,-239.05,-3809.5,-4865.9,-2401.4,431.96,-784.65,-5047.7,-6549,-3298.2,-110.65,-596.08,-1428.7,1476.7,5705,6391.5,4113.1,3113.9,3960.9,3695,1834.6,516.47,-480.06,-3001.4,-5114.4,-2640.2,3144.4,5517.1,1870.7,-2524.9,-3005,-2186,-4204.8,-7027.6,-5804.9,-1097.7,1662.4,10.764,-2689.9,-2324.7,1271.3,5096.8,6310.3,4476.7,1734.3,574.27,1038.5,1273.3,936.77,1461.7,2231.9,266.93,-4124,-5468.4,-696.16,4940.5,4464.8,-929.19,-4258.2,-3184.7,-1564.7,-1283.6,174.28,2879.8,2401,-2459.7,-6090.7,-4228.9,-423.25,297.39,-459.24,1619,5035.2,4603.8,442.46,-1877.2,-270.67,964.71,-1243,-3563.9,-1635.6,3142.5
5028.5,5575.2,170.22,-5727.1,-5504.4,83.513,4337.6,3273.6,-527.97,-2664.5,-2340.3,-1735.4,-1995,-1934,-437.72,1443,1674.5,60.691,-1297.6,-845.97,240.5,-14.545,-1153.3,-996.33,689.65,1673,801.8,-459.52,-870.35,-1101.9,-1277.6,231.66,3477.7,5270.8,3633.3,1311.6,1549.2,2894.4,2251.4,671.29,907,992.83,-3250,-9600.1,-10470,-4169.8,1670.2,963.65,-2815.4,-3604.7,-1896.7,-1340.1,-1022,2042.3,5812.9,5770.3,2933.6,2343.2,4194.1,3571.7,-461.07,-2560.3,181.57,3546.9,3158.1,729.55,-144.58,158.77,-433.53,-1375.1,-1543.2,-2407.1,-4969.8,-6339.2,-3865.3,-448.25,-816.27,-3965.1,-4425.9,-562.85,3448,4334.1,3627.3,3512.5,3068.3,983.45,-1119.8,-801.08,1553.8,3407.6,3278.8,1708,11.357,-652.19,182.6,1610,1838.8,68.846,-2651.8,-4638.9,-4851,-3120,-419.8,1180,453.47,-1088.2,-1119.3,-222.81,-1087.2,-3569.6,-3814,101.56,4674.3,5644.1,3672.1,2256.6,1919.6,317.23,-2648.3,-3871,-1778.3,1265
1659.3,3716.3,-1263.4,-6606.6,-4188,3379.6,7075.5,4246.6,-11.309,-1988.4,-2863.8,-3739.5,-3432.2,-1812.9,-628.84,-381.73,19.07,591.94,636.26,1106.6,3044.5,4487.2,2851.1,-399.07,-1618.7,-786.86,-980.36,-2610.9,-3015.5,-1623.7,-512.51,302.12,2770.6,5443,3990.9,-1314.1,-4192.8,-874.29,4706.7,6673.5,3845.8,-1489.9,-6756.1,-8716.3,-5000.7,1074.2,2307.6,-2454.2,-5611.3,-2049.1,2852.2,2077.2,-1735.8,-1291.9,3178.2,5173.3,3142.8,1890.5,3304.9,3769.3,1562.3,-413.44,-697.88,-1504.3,-3171.8,-2580.4,722.65,2580.8,913.99,-1018.2,-757.19,-807.09,-3336.5,-5491.9,-3956.6,-460.49,1102.2,135.35,-1326.6,-1969.2,-1034.1,2261.4,6344.7,7295,3935.3,-103.65,-1769.9,-2289.3,-2912.3,-1695.5,1703.9,2946.1,-189.05,-2465.9,1157.5,6442.8,5610.2,-729.03,-5181,-5163.1,-4492.3,-4260.9,-1256.3,3560.7,4041.7,-918.64,-4276.5,-1782,1362.2,-366.63,-3593.6,-2024.7,3328.9,6424.2,5376.4,3147.7,1207.2,-1560.1,-4525,-5025.9,-2474,898.52
-1006.7,5046.1,2600.6,-3116.2,-2461.2,3555.4,6002.6,2003.7,-2734.6,-3938.5,-3558.8,-4219.1,-5087.9,-4612.6,-3058.3,-1187.1,649.43,1798,2068.9,2731.7,4449.2,5351.5,3726.5,1180.9,255.62,466.71,-219.58,-1697.4,-2741.3,-3665.9,-4353.8,-2123.8,3830.7,8236.9,5654.6,-907.18,-3324.2,496.94,4902.1,5349.2,2474.5,-2399.2,-8468.5,-11577,-7118.7,1234.5,3607.4,-2337,-7545.1,-5173.3,111,1644.5,1471.1,4273.2,7478.9,6184.8,2938,3367.6,5584.8,3407.4,-2064.8,-3728.8,-526.04,1240.1,-902.18,-2149.2,175.6,2235.6,1307.2,91.799,165.63,-1729.2,-6789.7,-9852.9,-6752.8,-1024.1,1356.4,-115.46,-1950.7,-2272,-871.03,2834.1,7721.5,9706.4,6405.5,753.87,-2891.9,-3467.8,-1750.1,1765.1,4615.6,2743.3,-2899.8,-4941.7,311.83,6198.7,5051.2,-486.61,-2784.5,-1662.1,-2520.2,-4834.4,-2894.4,2374.9,2984.2,-2790.6,-6668.8,-3701.1,-82.665,-2056.2,-5066.6,-1529.6,6238.2,9232.5,4966.9,-384.74,-2101,-2097.6,-3102.3,-3397.4,-49.471,5744.5
-3174,173.77,2414.3,98.128,-2287.1,823.8,6394,6519.9,137.48,-5676.1,-6034.2,-3605.6,-2413.8,-1988.5,-341.23,1628.9,2019.3,1369.3,1232.3,1322.3,700.05,208.42,1208.8,2916.4,3188.9,1420.3,-971.66,-2426.7,-2389.7,-1217.7,1.9892,190.18,-425.94,-671.04,-573.63,-1506.9,-3199.8,-2763.4,1177.9,5092,4308.2,-384.13,-3076.7,-303.74,4417.6,5138.5,789.81,-4079,-5208.9,-3221.7,-1714.9,-2187,-2514.5,-516.24,2649.1,4032.6,3004.4,1835.3,2077.1,2431.9,1166,-1091.9,-2436.1,-2336.1,-1598.9,-567.02,937.66,2359.2,2699.4,1893.8,667.7,-665.19,-2083,-3009.9,-2949.3,-2577.2,-2803,-3082.3,-2140.5,-95.829,1686.4,2650.6,3335.7,3706.4,2947,1165.6,-209.59,-138.69,932.45,1709.7,1017.7,-1232.1,-3045.6,-1662.3,2425.7,4515.4,1455.7,-3402.4,-4757,-3161.9,-3040,-3905.1,-681.92,6031.4,7972.7,1470,-5537.1,-4788.5,90.261,483.06,-2847.6,-1965.2,3903.9,6767.3,3225.4,-653.75,-617.8,-936.21,-4866,-6764.4,-979.57,7364.3
-5933.4,660.6,3632.4,951.44,-780.74,2255.9,5265,3223.4,-1321.6,-3222.7,-2694.9,-3161.2,-4416.7,-3480.5,-617.23,756.36,-217.07,-826.36,247.21,1156,927.02,1422.6,3654.2,5338,4275.4,1817.6,650.17,796.14,250.69,-1330.9,-1986.9,-518.92,1555.4,1677.4,-944.7,-4492.2,-6089,-4299.7,-589.11,1800,946.16,-1743.6,-3012.6,-1282.6,1679.3,2834.5,1318.2,-733.79,-951.57,392.14,1154,589.96,306.78,1505.4,2957.3,3040.6,2414.2,2684.4,3239.4,1871.9,-1460.7,-3945.8,-3696,-2131.1,-1510.4,-1840.4,-1607.2,-294.52,1211.7,1850.8,955.52,-1473.4,-4064.6,-4677.4,-2800.9,-398.89,634.67,693.02,1015.2,1514.7,1733.3,2565.9,4716.5,6274.3,4462.1,-198.8,-3766.7,-3400.2,-362.82,1823.7,932.07,-2262.7,-4567.9,-3039.1,1499.3,4367.2,2401,-1604.2,-2623.7,-631.95,-83.329,-2206.2,-2837.2,287.05,3048,1266.5,-2503.5,-3109.3,-857.12,-111.68,-1454.1,-1032.5,2300.3,4771.8,3852.5,1705.8,511.7,-1021.6,-3520.8,-3532.5,1389.8,6999.5
498.22,1771.9,2863.6,2972.8,1784.8,84.24,-340.73,1099.1,2025.9,-416.24,-5316.9,-8442.3,-7246,-3467.3,-403.77,554.85,359.92,896.86,3218.5,5845.2,5511.7,1368.2,-2721.3,-2582.9,667.38,2389.1,736.73,-2098.2,-3848.5,-3617.7,-676.46,3693.1,4632.6,-341.33,-5121.5,-1954.5,5940,7621.7,1372.2,-2154,2448.1,5874.7,-175.6,-8140.3,-6484.6,1184.4,2213.5,-4178,-6470,-752.88,3086.9,-1751.3,-8144.7,-6850.4,159.81,4839.8,4905.3,4027,4576.2,5626.8,5466,2758.4,-1976.7,-4477.2,-713.52,5892.1,7045.4,1386.2,-3150.2,-1814.5,-77.51,-3301,-7271.8,-6051.9,-2446.8,-2311.6,-4000.5,-2635.3,-322.8,-2035.3,-4556.3,-448.66,8333.7,11752,6912.5,1600.9,1213.8,2213.2,1032.3,-134,139.04,-875.2,-3062.9,-1836.2,2221.6,1216.6,-6958.6,-12486,-7828.7,525.78,3419.1,4041.3,10085,16894,12504,-2247.1,-12601,-10834,-5751.5,-6532,-8280.3,-1974.2,8743.7,11250,2374.4,-6265.1,-3861.2,4931.1,6420,-2970.6,-10714,-4833.1
5097.3,6635.6,3379.9,-1638.5,-4150.8,-3429.4,-1508.9,-62.648,245.3,-936.68,-3067,-4270.3,-3060.1,-325.92,1389.7,718.79,-913.08,-845.15,1556.6,3733.4,2908.3,-144.56,-1953.5,-1037.1,521.35,803.11,493.44,182.33,-1379.5,-3762.2,-3185.6,1682.6,5587.2,3658.2,-256.51,961.54,5676.5,5378.1,-1112.5,-4800.5,-1014.1,2548.3,-1656.9,-8272.6,-7278.2,245.79,4156.8,687.23,-3544.9,-2985.7,-164,612.08,-302.69,-603.56,-101.81,696.03,2194.8,3676.5,3060.4,532.94,-779.83,667.84,2765.6,3483.2,3324.1,2741.5,773.36,-2025.4,-2935.7,-1406.3,-571.59,-2278.8,-4054.5,-3417.9,-1754.3,-1209,-1106.4,-392.64,-298.97,-1376.2,-1232.9,1230,2737.9,827.77,-1290.8,203.76,3028.4,2689.9,414.75,859,3703.1,4295.4,1828.4,14.339,-191.81,-1462.2,-3310.5,-2002.5,1357,648.93,-4546.3,-6173.5,-218.81,5596.7,3083.7,-3775.3,-5388.4,-1236.5,983.8,-1269.3,-2127.3,1957.8,6298,5530.1,1270.4,-1207.8,-274.16,1156.4,22.335,-3558.7,-6331,-4857.9
4600.1,4365,-1277.2,-5289.6,-3684.8,-15.371,1753.5,2219.3,2449.6,907.67,-2734.5,-5360.5,-4644,-1979.9,481.69,2203.5,2669.9,1395.6,318.43,1843.1,3901.8,2029.9,-2841.6,-4533.2,-1092.1,2069.3,818.2,-2123.8,-3064.5,-2486.1,-1072.9,2693,6996.3,5880.8,-919.21,-4588.3,29.668,5602.9,3982.4,-591.51,47.979,2688.4,-1565.3,-10087,-11152,-3043.5,2979,856.64,-2139.6,283.2,3062.6,361.35,-3499.3,-1830,3109.8,4849,3353.9,3096.1,4393,3935,1341.5,-917.53,-2047.9,-2455.5,-1229.3,1436.6,2241.1,-354.73,-2568.4,-1258.4,305.39,-1976.7,-5453.7,-5055.5,-1992.8,-1166.7,-2363.8,-1410.9,1523.3,2343.3,970.98,1442.6,4143.4,5093.4,3331.1,2094.5,2086.1,525.39,-2235.4,-2249.5,580.67,1667.6,-97.286,-617.07,1108.5,729.25,-2804.1,-4480.3,-2642.1,-2584.3,-5876,-5028.2,4011,12048,8618.5,-2057.8,-7224.4,-3877.2,-436.17,-1865.3,-3572.5,-1042.7,3318,5464,5306,4482,3174.8,985.87,-2180,-6212.5,-8915.1,-6033.5
5452.7,4951.9,-276.16,-4054.9,-3873.9,-2145.4,-384.85,1766.8,2904.9,996.99,-2342.4,-3599.3,-2665.6,-1907.9,-1305.3,549.38,2124.3,1128,-405.18,847.74,2735.7,605.85,-3886.6,-4357.7,-35.447,3084.2,2019.9,102.5,-387.18,-872.92,-595.95,3202,7438.8,5168.3,-1826.9,-3084,3545.8,6612.9,-366.54,-7109.2,-3559,2361.7,-2224,-12572,-12990,-1948.9,6190.9,4095.3,154.92,1680.3,4016.7,1733.3,-1529.9,-1069.9,667.22,526.9,1202,4851.2,7158.9,4204.2,-614.75,-2361.4,-1810.3,-1542.5,-448.37,2210.2,2747.5,-869.48,-3985.6,-2482.3,-65.815,-1762.2,-4979.1,-4385.6,-1442.5,-1119.3,-2535.9,-1163.3,2163,2782.5,1034.6,1319.6,3494.7,3365.4,1113.4,1046.9,3027.5,2325.5,-1422.9,-3078.3,-819.53,1510.1,1900.2,2337.7,2513.6,-347.12,-4056.2,-2919.5,1346.3,208.12,-6738.6,-8406.3,271.92,8241.8,4489.9,-4872.5,-6581.9,-476.46,2495.8,-1237.1,-3849.1,-106.17,5521.4,7410.6,5959.2,3994.4,2378.8,936.53,-958.15,-4828,-9656.1,-9763.2
-3562.7,1326.8,2084.5,-2135.8,-3641.3,2963.4,11890,13105,5157.2,-4537,-10268,-12465,-11974,-7165.3,783.23,5655.6,3631.2,-772.4,-782.16,3018.9,4120,191.95,-3404.8,-1395,4192.6,7106.7,4791,431.52,-1822.8,-1003.5,1259,3034.2,2842.8,-121.49,-4750,-7617.5,-5651,295.52,5541.3,5901.3,1523.5,-3693,-5786.5,-3648.2,669.34,3728.9,3394,528.47,-2248.6,-3676.7,-4717.5,-5830.8,-5109,-924.16,4626.8,7349,5946.1,3171.9,1683.2,1070.1,16.146,-736.3,471.72,3184.1,4888.9,4015.8,1611.2,-141.07,-366.27,-279.25,-1667.9,-4568.9,-6826.9,-6647.2,-5114.6,-4753.4,-5693.7,-5242.7,-1931.8,2029.9,3765.3,3600.8,4065.6,5949.1,7241.6,5828.4,2024.6,-1501.4,-1937.9,780.04,3163.4,1892.8,-1314.2,-1229.6,3246.3,6294,2730.1,-4730.7,-9520.1,-9706.3,-7594.7,-3461.4,3522,9058,6500.1,-2486.1,-7755.4,-4514.3,6.1423,-1442.3,-4664.5,-1862.6,4884.9,7421.3,5331.7,5231.3,6963.4,2182,-10045,-16858,-7932.9,8964.6
-1902.2,3059.6,-498.64,-6428.2,-4530.4,4704.5,11290,9070.6,1621.6,-4509.9,-7055.2,-7393.5,-6543.4,-4273.5,-1075.6,974.33,380.7,-1062.5,302.57,4569.9,6648.2,3091.9,-1703.3,-945.05,4296.5,6482.6,3108.5,-437.93,-765.36,-1057.4,-2689.8,-1073.7,4591.7,5916.1,-2255.3,-11101,-9320.7,14.963,4971.7,2987.1,1327.1,1645,-2033.6,-9029.2,-9678.4,-1382.5,5494.4,3654.5,-480.03,611.45,2806.2,-388.2,-4564.7,-1540.6,6176.1,9313.2,6457.6,3898.5,3278.4,324.05,-4715.4,-5835.2,-1698.7,1777.7,1206.2,88.004,1109.9,1532.7,-773.84,-3205.6,-3552.7,-3659.6,-4913.4,-5236.6,-3559.3,-2409.7,-3051.4,-2688.3,414.43,3499.1,4166.2,4343.5,6102.3,7614.4,6703.8,4582.8,2735.4,35.174,-3643.6,-5149.2,-3167,-1332.8,-2073.6,-1901.9,2104.8,5645.5,3246,-2646.6,-5342,-3775.6,-1755.2,-77.829,2671.5,3437.9,-2037.1,-9487.6,-9206.2,-612.56,5374.4,1914.4,-4238.5,-3708.6,2420.8,6873.5,7658.8,7711,6709,1380.9,-6649.6,-10141,-4950.7,4587.3
-1874.5,2821.3,2590.4,-2790.5,-4688.6,2746.9,12532,12755,2272.9,-8486.3,-11796,-10166,-8317.3,-5499.5,-78.758,4404,3877.9,809.89,502.77,2528.4,2045,-1347.7,-2574.7,442.34,3449.9,3123.4,2069.2,3058.4,3186.7,-877.72,-5058.1,-2091.9,6774.6,11043,4410.7,-6164,-9062.4,-2606.6,3901.1,2702.9,-3846.2,-8168.3,-6679.5,-1710.5,2808.2,4366.5,2114.7,-2621.2,-6274.4,-5988.3,-2750.9,260.52,1985.4,3699.4,5312.9,4842.7,2397.1,1255.4,3003.9,4497.9,2418.4,-1326.8,-2072.4,978.65,3976.5,3850.1,1346.7,-1435.4,-3524.6,-4423,-3612.4,-1835.2,-966.02,-1718.2,-3054.6,-4247.7,-5533.4,-6268.1,-4856.3,-1478.7,1451.2,2742.8,3922.5,5827.1,6446.5,4487.8,2583.6,3733,6227.5,5718.9,1582.9,-2353.5,-3329.6,-2441.7,-1444.7,-228.81,1037.4,188.63,-3993.3,-8519.7,-8371.4,-2144.8,5652.1,8543,4431.7,-2192.3,-5191.7,-3900.3,-3302.1,-6083.7,-7651.3,-2606.2,6170.8,10404,7821.3,4186.1,2684.8,-1127.8,-9216.4,-12937,-3494.5,12921
-2381.8,2541.8,3788.3,177.5,-1966.1,2744.5,9867.1,9864.1,698.1,-9716.9,-13862,-12001,-7957.1,-3151,1880.1,4563.1,3471,1758.3,2936.8,4999.3,3369.7,-1295.8,-3296.4,-239.54,3615.6,3950.5,1993.4,852.4,-10.891,-2526.1,-4519.9,-1663,4924.6,7803.7,2365.2,-6224.9,-8648.8,-2801.1,3968.8,4314.7,-598.7,-3906.9,-2161.2,1393,2213.8,79.184,-1916,-1948.5,-1062.2,-876.54,-1477,-1767.1,-909.56,842.83,2275.4,2234,909.84,-202.46,-69.998,670.02,896.91,787.54,1413,2953.8,4388.4,4759.3,3761.6,1403.5,-1683.4,-3811.1,-3592.5,-1895.8,-1096.6,-2154.5,-3756.5,-4551,-4635.7,-4347.2,-3315.6,-1653.1,-505.95,-200.75,779.93,3529.4,6529.3,7315,5588.6,3219.7,1741.1,1197.2,964.93,439.47,-607.71,-1335.9,-388.41,1650.5,1624.4,-2419.1,-7763.7,-9571.5,-6298.6,-453.71,5100.9,8716.4,8581.5,3720,-3057.5,-6880.6,-6634.5,-5558.1,-4935.7,-1739,4817.6,9081.1,5961.5,-1250,-5523.9,-6021.3,-6796.2,-6954.2,-509.4,12041
-8134.9,1360.9,4302.4,810.9,-245.64,5498,12014,11389,3616.3,-5061.9,-10396,-12675,-12623,-9372.3,-3422.1,1793.6,3344.7,2189,1315,1529.3,1119.6,-435,-659.8,2597.6,7271.2,8750.6,5610,1458.3,32.662,692.71,867.31,760.23,1979.6,2693.9,-897.12,-7503,-10201,-5616.8,519.25,818.98,-3854.3,-6398,-3382.3,1868.8,5205.3,5850.5,4515.7,1700,-1138.5,-2144.8,-1732.5,-1836.9,-2272.7,-1148,966.49,1382.6,447.86,1658.9,5063.3,5574.2,811,-3928.9,-2631.3,2967.3,6299.4,4760.6,1084,-2050.5,-4066,-4339.1,-2516.2,-555.88,-722.44,-2109.9,-2494.5,-2419.5,-3577.1,-4539.9,-2799.1,-3.2518,174.82,-1124.3,778.4,5692.2,7866.5,5086.2,1924.1,1589.6,1194.9,-1353.7,-2379.4,636.97,3153,906.69,-1884.9,770.45,5427.3,3414.4,-5163,-10338,-6035.9,2471.8,6735.4,4633.7,-396.43,-4359.8,-4757.7,-2107.1,-950.77,-4833.3,-9432.1,-6557.7,3475.8,10468,8339.6,2946.8,956.3,-999.64,-7662.4,-12172,-3733.5,13674
-2887.8,3218.8,2093.9,-2474.5,-2499.1,2406.9,5825.6,4259.8,233.41,-3045.8,-4886.8,-5185.9,-3661.5,-1462.1,-373.72,-211.09,535.91,1832.6,2309.1,1734.8,907.31,-55.94,-951.73,-335.95,2087.7,3444.8,1376.5,-1713.1,-1876.6,283.96,1109.2,302.54,724.38,2244.4,1512.4,-1542.3,-2685.2,-321.23,1912.4,1407.8,181.12,-120.82,-1407.9,-4245.8,-5015.7,-1907.9,1009.6,154.89,-1569.9,-140.93,2352.6,1649.1,-937.31,-1107.2,671.31,746.12,-234.51,1409.3,4534.3,4031.7,-199.04,-2396,-248.08,1954.6,1413.9,1128.2,3090.9,3716.8,242.01,-3791.2,-4155.2,-2527.3,-2608.8,-3587.5,-2669.2,-941.64,-1268.4,-2640.4,-1991.7,15.983,292.15,-720.75,364.52,3752.4,5888,5119.3,3376.6,1896.8,-221.34,-2465.4,-2329.6,294.3,2023.7,1019.6,-246.19,791.69,2642.3,2018.7,-1668,-5752.4,-6875,-3471.7,2379,5365.9,2004.9,-4128.4,-5622.3,-901.57,3208,975.62,-4021.3,-4149.3,1444.7,6167.3,5359.8,1506.8,-899.58,-1619.8,-3119.1,-4997.1,-3527,2731.7
-1491.6,1642.1,3432.8,2359.8,123.79,690.87,4604.2,6506,1613.4,-7106.2,-12090,-10373,-5571.6,-1508.7,1422.3,3360.3,3290.6,1674.4,833.38,1186.3,644.83,-897,-398.86,3078.9,5859.6,4943,2271.3,842.89,62.789,-1514.4,-2062.8,410.22,3072.2,1249.1,-4507.6,-8652.8,-7681.6,-3372.2,627.54,2115.7,787.09,-1197.4,256.81,6303,11413,8901.7,131.42,-6570.9,-6728.8,-4286.5,-3923.8,-4331.6,-2298.7,1160.2,3016.7,3304.4,3638.7,3047.7,-241.37,-4272.5,-4924.4,-1528.9,2558.7,4606,4586,3171.7,1002.2,-219.41,822.25,2337.7,1249.3,-2011,-3664.9,-2146.1,-335.36,-1116.7,-3547,-4956.9,-4501.5,-3013.3,-1254.7,171.03,783.19,1271.7,2870.2,4770.8,4444.9,1830.8,474.15,2319.6,4073.8,1969.8,-1978,-2672.5,138.84,1426.5,-1160.4,-3734.1,-2692.8,-484.34,-1028.7,-2442.6,366.63,6639.6,9001.5,3463.8,-4594.7,-7791.3,-6305.4,-5269,-5196.8,-1721.1,5033.5,8053.7,3516.9,-2879.7,-4554.2,-3668.6,-5265.7,-6059,1234.5,13439
334.06,2999.7,3469.9,-8.5118,-2857.5,-67.606,5469,5929.1,-652.31,-7828.5,-9574.5,-6745.6,-3241.8,-431.55,1910.4,2844.8,1908.7,1157.4,2339.5,3660.1,2359.7,-688.48,-1953.9,-242.15,1991.8,2248.6,665.84,-1069.1,-1704.6,-1039.8,175,782.15,382.7,-398.58,-1284.4,-2739,-4028.7,-2757.4,1601.4,5341.4,4628.1,1037.2,-328.36,1976.2,4009.1,2474.1,-1080.3,-3564.6,-4648.2,-5490.1,-5638.4,-3911.2,-922.4,1679.1,3460.8,4607.5,4190,1438.7,-1908.4,-2986.6,-1439.6,432.3,1149.9,1584.3,2695.6,3760.7,3651.4,2411.5,759.52,-835.27,-1914.4,-1929,-1110.3,-641.86,-1337.2,-2748.3,-3903.7,-4186.2,-3309.8,-1498.8,-6.5252,-125.69,-1053.9,-282.09,2734,4914.8,3597.7,1003.1,1614.5,5184.5,6084.3,1408.5,-3699.8,-2665.2,2525.6,3300.5,-3059.7,-8783.9,-6701.8,-887.8,-121.46,-3740.4,-2391.2,6499.5,12798,7728.5,-3148.9,-8032.7,-5141.5,-2253,-2470,-622.2,5010.9,7395.4,1840.8,-5513.7,-6801.8,-3975.5,-3539.5,-4251.2,422.59,9223
-1423.7,2602.1,5749.1,3549.6,-1655.7,-3405.6,-156.51,2649.6,316.24,-5092.4,-8233.2,-7044.4,-3550.7,-215.99,2007.2,3113.2,3613,4105.7,4102.2,2402.1,-266.11,-831.9,1975.9,4820,3669.5,-720.15,-4063.5,-4311,-2972.7,-1322.5,885.19,2581.5,1245.6,-2912.9,-5935.5,-5158.2,-2422.8,-356.47,1425.8,3708.8,4385.3,1836.2,-448.91,2382.3,8490,10003,3170.8,-6153.4,-9647.9,-6340.4,-2285.6,-2015.9,-3642.4,-2674.5,1729,5746,5445.8,1189.8,-2982.2,-3921,-2285,-561.8,370.55,1191.5,1726.9,1106.9,278.54,1572.7,4781,6205,3382.6,-1238,-3506.7,-2919.9,-2266.8,-2942.8,-3435.7,-2367.9,-521.8,641.98,623.57,-305.55,-1307.1,-965.39,1050.8,2417.4,731.96,-2135.2,-1519.3,2993.5,5632.2,2294,-2844.2,-2812.1,2006.1,4497.3,1359.7,-2697.4,-3006.8,-1622.9,-2056.7,-1953.1,2814.3,8973.7,8118.9,-987.46,-9099.5,-8604.3,-3317.6,-1327.2,-2608.9,-802.55,4753,7021.9,2545,-2887,-3529.6,-2188.7,-3708.1,-5048.7,94.764,9057.1
-2966.1,410.92,3125.4,1889.7,-328.9,834.16,3972.4,4066.2,43.425,-4310.9,-6182.6,-6151.1,-4965.4,-2184.5,1257.3,2896.5,2322.5,1779.1,2174,1749.6,34.02,-344.07,2087.8,4555.1,3793.1,584.92,-2004.9,-2864.7,-2680.8,-1510.9,497.53,1481.4,22.284,-2211.3,-2866.5,-2606.8,-3130.6,-2962.1,406.04,4769.3,4758,97.073,-2637.6,1046.3,6904.7,7586.4,2118.9,-3843.9,-5598.5,-3734.7,-1564.2,-1146.1,-2010.4,-2036.1,318.18,3634.3,4369.7,1310.5,-2352.1,-3207.6,-2115.5,-1891.3,-2199.9,-474.72,2789.3,3967.3,2131.3,857.79,2543,4480.7,3119.6,-535.41,-2765,-2477.4,-1596.5,-1301.7,-1046.9,-882.03,-1747.9,-3201.2,-3356.5,-1639,445.71,1697.5,2307,2162.2,573.01,-1339.8,-705.91,2720.4,4742.1,2176.5,-1750.2,-1380.7,2754.8,4022.7,-604.45,-5719.8,-5342.7,-1501.7,-114.91,-1028.6,1225.3,6896.6,8531.8,2032.7,-5971.9,-7075.8,-2946.1,-1431.9,-3511.7,-2490.1,3543.2,7186,3149.1,-3207.8,-4469.5,-2448.3,-3308.8,-5342.8,-1124,8691
-1670.2,1480.8,3681.4,2227.6,15.725,765.55,3203.3,3205.5,-348.79,-4912.4,-7979,-8629.1,-6541.6,-2361.5,1519.7,3076.7,3148.7,3697.8,4368.7,3416.2,1468.9,1187.5,2914.8,3709.9,1606.3,-1758.5,-3811.5,-3970,-2783.7,-588.04,1472.1,1359.8,-1041.9,-3006.7,-2745.2,-1951.4,-2228.9,-1458.2,2536.9,6448.3,4714.4,-1502.3,-3869.8,2132.1,9934.4,9532.3,142.05,-9117.2,-10606,-6067.2,-2187.8,-1754.3,-1888.4,444.21,4097.9,5523,3360.2,12.403,-1286.7,-105.84,1165.6,642.61,-876.37,-1540.9,-1038.9,-213.61,1041.8,3395.8,5582.8,4737.7,389.5,-3866.7,-4530.9,-2620.7,-1743.9,-2784.8,-3290.7,-1935.5,-498.34,-484.79,-520.65,1137.6,3494.9,4209.1,2701.5,127.85,-2296.4,-3118.9,-699.67,3840.6,5514.2,1148.2,-4798.5,-4763.6,1412.6,5682.7,2983.9,-2214.8,-3676.3,-2316.6,-2151.8,-1773.2,2731.3,8416.5,7461.3,-723.6,-7268.3,-6422.4,-3081.5,-3353.9,-4390.6,-486.81,5550.6,5836.7,262.42,-3103.1,-1071.8,81.832,-3638.1,-5772.1,630.74,10482
-3405.6,1212.6,4194.2,2840.8,1000.6,2391.7,4499.5,2804.3,-2092.5,-5815.1,-6697.3,-6602.6,-6341.6,-4613.7,-1471.7,986.44,1904.7,2464.3,2979.5,2420.9,1451.7,2521.7,5667,7356,5229.7,1277.4,-1486.9,-2842.1,-3768.8,-3659.5,-1851.4,14.926,-14.751,-1299.3,-2163.6,-2679.8,-3128.4,-1669.5,2630.6,5886.1,3345.7,-2786.5,-4572.7,1052.8,7390.8,6479.9,-907.23,-7201.3,-7688.8,-4436.9,-1564.7,-322.41,539.71,2033.5,3799.9,4730.5,4108.8,2412.9,785.37,-469.66,-1951.3,-3280.7,-2724.2,36.752,2346.5,1868.8,282.49,1044.8,3953.3,4911.4,1563.5,-3553.6,-6525.3,-6385.8,-4563.1,-2176.4,103.59,1014.6,-161.79,-2010.2,-2342,-759.67,1525.5,3632.1,4989.9,4306.7,1184.4,-1483.8,31.857,4532.7,5883.5,989.9,-5008.7,-5005.1,371.39,3741,1337.9,-2611.2,-3367.9,-2436.1,-3053.5,-3092.5,1481.8,7827.9,7954.3,284.09,-7023.7,-7280.4,-3915.2,-3218,-3690.5,156.79,6427.8,7131.3,1005.5,-3755.6,-2368.5,-683.64,-4088.9,-6547.4,530.48,12734
-5009.7,1903.6,4385.7,947.2,-967.05,3545.2,9233.4,8275.5,1015.9,-5885.7,-9030.3,-10237,-10432,-7826.2,-2824.4,664.82,775.62,488.52,2674,5671.8,6378.5,5117.2,4483.9,4941.5,4471.9,2082.3,-667.89,-1805.6,-1154.7,-81.976,219.57,-167.88,-554.25,-1311.5,-3822.7,-7647.6,-8954.3,-4443.5,3162.5,6682.9,2938.7,-2883.6,-3444.3,1972.2,7304.8,7254.4,2469,-2567.1,-4615.7,-4010.4,-3059.1,-2947.5,-2499,-311.05,2548.7,3632.4,2825.3,2548.3,3470.7,2905.3,-563.68,-3590.6,-2379,1410,2857,1012.7,-146.2,1760.6,3910.9,2598.8,-1733.6,-5581.5,-6599.5,-5189.4,-3180.9,-2144.9,-2200.5,-1969.7,-524.73,905.55,743.1,154.75,1869.8,5656.4,7704.2,5540.2,1237.3,-1477.6,-1315.2,406.17,1646.2,741.33,-2164.4,-3912.7,-1229.5,4011.8,5547.9,589.47,-6152.4,-8501.5,-5691.1,-727.2,4317.7,7667.3,6224.5,-284.67,-6192.7,-6367.7,-3597.7,-3574.6,-4787.3,-1132.2,6279.7,9001.3,4389.2,-349.67,-692.86,-1975,-7831.8,-10209,-678.38,13809
-7163.3,897.72,5082.3,1924.6,-1083.5,3193.7,10097,9626.9,979.54,-7149.5,-9454.5,-9065.9,-9149.8,-7644.5,-3228.1,423.45,613.83,522,3483.7,6757,6107.9,3213.2,2849.1,4820.7,4528.3,916.11,-1676.1,-374.3,2096.2,1855.7,-847.53,-2873.8,-2731.5,-2010.3,-2975.8,-5573.9,-6708.9,-3216,3510.1,7294.1,3959.4,-2561.2,-4141.9,1314.8,7024.2,6042.4,-273.83,-5045.9,-4940.2,-3033.9,-3065,-4204.3,-3126.5,577.13,3558.9,3428.1,2157.6,3048.2,5382.7,4902.2,160.35,-4456.9,-4150,-17.859,3010.4,3246.8,3514.4,5370.4,5989.1,2456.2,-3613.7,-7935.7,-8436.3,-6518.1,-4642.5,-4162.6,-4668.6,-4350.5,-1884.8,1357.1,2414.5,970.54,632.78,4263,9459.8,10916,6730.3,467.18,-2999.4,-2310.8,-186.07,-42.205,-2183.8,-3343,-635.79,4218.9,6129.2,2396.9,-4323.9,-9086.2,-8738.6,-3069.9,4877.9,8974.4,4735.5,-4046.4,-7868.8,-3768.3,87.771,-3156.4,-7585.8,-3433.8,6537.6,10145,4325.3,-1118.4,-552.99,-1032.4,-7490.1,-10636,-436.95,15606
-9409.2,-1408.4,5362.9,4035.2,287.59,2548.7,7817.1,6861.6,-375.49,-5435.9,-5800.2,-7349.5,-11472,-10934,-2460.2,6138.8,7158,3865.2,3663.7,6186.8,5650.6,1527.9,-761.99,1172.9,3488.8,2500.4,-576.52,-2603.2,-2733.8,-1979.4,-837.98,758.41,1934.8,816.54,-3294.7,-7769.5,-7939.5,-2146.1,5024.4,6885.3,2343,-2911.1,-3531.1,-198.57,2995.2,4043.4,3735.1,2894.2,1341.4,-1262.8,-4904.5,-8457.2,-8954.9,-4032.7,3761.4,8016.4,5853.8,1535.8,315.09,1643.2,1733.7,163.19,-353.21,852.28,1807.5,1817.2,2064.1,2610,2268.5,1142.2,53.09,-1921.1,-5787.3,-9192.2,-8715.7,-5376.5,-3550.3,-4204.1,-3755.1,-466.04,2734.3,3544.9,4091.9,6856.5,10104,10200,6428.1,1384.4,-2011.3,-2758.3,-2335.3,-3065.4,-4351.6,-2116.9,4690.7,9252.3,4373.9,-6247,-11580,-8295,-3716.9,-2302.3,489.7,6471.6,7899.5,402.64,-6930.8,-4953.9,106.96,-2681.8,-9156.3,-6071.9,6194.6,13360,9929.7,5509.4,5165.9,668.44,-10931,-15936,-3762.9,13693
-10447,-1564.4,4648.6,2457.7,-716.03,2916.3,8652.2,7355.1,176.34,-4603.3,-5526.4,-7935.1,-11480,-9042.9,239.35,7346.4,6680.4,4014,5742,8111,4539.2,-2172.4,-3764.1,290.24,2364.1,-917.39,-4025.9,-2148.9,1486,1684.6,-372.12,91.166,2976.8,2990.1,-2254.7,-8058.7,-8241.3,-2502.7,3731.2,5534.9,2717.2,-1444.5,-3617.5,-2380.7,1266.3,4350.7,4159.8,1105.4,-1637.1,-2200,-2220.9,-3505.9,-4323.6,-1788.2,3022.1,5702.8,4429.4,1984.5,1078.6,834.52,-498.18,-2120.7,-2167.5,-605.97,1390.4,3274.6,4479,3751.3,1191.4,-822.54,-934.66,-1201.8,-3669.9,-6500.6,-6703.1,-5105.4,-4772.5,-5455.7,-3960.1,-22.549,2676.5,2535.6,2973.2,7043,12057,12443,6628.6,-1131.9,-5349.6,-4506.4,-1819.8,-1182.3,-2441.2,-1872.1,1906.8,4829.8,2743.7,-2314.5,-5129.1,-4861.4,-4433,-3575.5,618.64,5731.4,4657,-2870.1,-7367,-3305.1,1755.8,-1021.2,-7226.8,-5985.5,2938.2,9555.9,9359.5,7294.6,5607.1,-254,-9690.8,-12074,-1319.3,12576
-7876.6,503.13,9665.3,6478,-4819.2,-8368.9,551.8,9810.8,7886.8,-2508,-10906,-11822,-7209.9,-1163.2,3634.2,6263.1,7024.4,6208.5,3584.7,207.44,-988.33,1013.8,2789.6,1153.7,-1733.6,-2247.8,-1917.5,-4232,-6585.7,-3025.8,4861.9,8036.7,3015.1,-3119.4,-4169,-3500.1,-5946.9,-8034.3,-3822.4,4047.2,7412.4,4757.4,2724.7,5507.2,9179.4,8077.2,2256,-3391.9,-4986.9,-3320.6,-2525.1,-4913,-7250.4,-4640.2,1504.2,3936.9,158.19,-3222.3,-1100.8,1279.3,-2627.8,-7943.6,-4748.5,5316.6,10190,5602.3,770.91,2844.2,6573.1,5100,1435.4,1405.1,2690.9,-99.027,-4801.1,-5585.8,-3915.1,-5866.2,-10253,-9364.9,-1967.9,3879.7,3368.8,1665.4,3908.1,6068.9,2313.2,-3714.1,-3144.4,4185.6,8206.7,3015.7,-3863,-1824.7,6951.7,9439.4,77.25,-10497,-9928.3,-1435.5,1909.5,-2645.7,-4295.2,2599.4,8388.2,3616.8,-5252.7,-6127.6,-425.32,866.79,-3315,-2889.4,4685.9,8825.7,3175.8,-4188.5,-4691.5,-2166.9,-2976.8,-3027.6,3804.2,11322
-7255.7,197.78,8707.1,5903.6,-4313.8,-7242.7,1058.1,8982.6,6392.3,-3289.2,-10319,-10361,-5664.3,-16.129,3924,5360.3,5637.9,5974.1,5022.1,1442.3,-2162.7,-2027.4,744.38,1605,-416.35,-2204.7,-2724.2,-3782.2,-4414,-1208.7,4356.9,5807.5,1383.6,-2852.3,-2865.6,-2652.4,-5765.1,-7613.5,-2856.8,4649.7,6950.4,3941,2643.8,5905.2,8839.1,6754.9,1023.7,-3864.4,-5204.2,-3565.3,-2041.5,-3396.2,-5975,-4811.2,669.37,3971.2,783.96,-3603.5,-2437.5,1190.3,-302.08,-5197.1,-4449.2,2968.9,7710,5112,1904.7,3730.8,6051,3633.6,225.45,1008.6,2688.3,-160.67,-4593,-4548.1,-2291.7,-4475.7,-9344.3,-8542.8,-1321.5,3577.3,1948.5,137.94,3218,6061.3,2472.6,-3391.4,-2736.3,3978.6,7086.7,1909.2,-4089.5,-1763.6,6400,8943.9,979.53,-8609.6,-8922.2,-1828.2,1600.4,-1970.6,-3714.1,2060.5,7507,3486.3,-5044.3,-6349.2,-390.87,2176.8,-1612.3,-2776.1,2995.9,7174.3,2742.1,-4194.9,-5126.7,-2357.6,-2052.7,-1717.9,4000,10258
5748.9,5607.4,-232.01,-4371.2,-1822.2,3066,3942.9,1220.5,-994.19,-2160.1,-4180.9,-6119.7,-5403.2,-2732.8,-1324.9,-2062.3,-2785,-1696.8,969.15,3719.9,4586.8,2736,379.62,617.73,2610,2551.7,317.16,15.816,2242.7,2190.2,-1335.7,-2244.9,2420.9,5774.5,1851.8,-3767.6,-2896.8,1735.4,2164.7,-740.6,-727.85,301.79,-4218.9,-10600,-8434.3,595.66,3223.9,-3231.4,-5523.7,2760.9,9329,3688.6,-5066.2,-3684.5,3901.6,5325.6,1000.1,855.67,5560.3,6668,2636.6,63.628,210.89,-1902.2,-5225.8,-3017.1,3546.9,5107.3,-371.7,-4208.5,-2080.1,-406.34,-3569.5,-6327.1,-4335,-1770.7,-2506,-3156.8,-974.46,402.91,-754.22,636.29,6343.5,9062,4519.8,158.47,2690.7,5890,1497.2,-5658.9,-5748.9,-709.24,537.96,-1174.7,2106.3,8631.8,7938.3,-1123.5,-7745,-6526.3,-3883.3,-4009.7,-2067.8,3471.9,4711.6,-2038.3,-7797.3,-4853.2,520.33,-761.2,-4768.4,-1392.3,8176.2,12671,7608.8,454.83,-1496.3,88.585,-222.81,-3640.3,-6660.7,-5480.4
4970.8,5812.5,1055.8,-2987.4,-1454.3,1981.2,1728.7,-1161.8,-2333.3,-1864,-2747.6,-4462.8,-3997,-1678.7,-644.62,-1433.9,-1726.2,-677.15,548.69,1659.2,2898.9,2989.5,1094.6,-501.98,585.87,2650.8,2513.2,602.07,-582.56,-1053.3,-1909,-1544.7,1551.6,4265.9,2849.1,-354.33,-274.96,2538,3587.4,2573.3,2194.1,629.73,-5448.7,-11310,-8647.2,-455.15,863.14,-6601.6,-9423.7,-147.71,9543,6765.8,-2577.6,-4295.1,1933.9,5080.1,2333.4,1392.5,4927,6651.3,3761.9,1139,1124.7,-61.637,-3123.3,-2985.5,1414.6,3845.4,1033.6,-2238.1,-2188.5,-2057,-4655.2,-6610.8,-5051.2,-3098.2,-3575.7,-3692.1,-1116.6,1010.8,503.27,1166.9,5522.7,8743,6411.6,2391.3,1832.8,2143.8,-1066,-4492.9,-2759.8,1041.1,495.87,-1970.4,943.27,7351.6,7693.6,209.64,-6338.7,-6617.6,-4526.4,-3048.4,481.12,5259,4213.2,-3889,-9351.4,-5656,44.635,-1108.7,-4860,-1257.1,8168.3,11948,5907.2,-1457.9,-2113,1252.9,1261.8,-3330.8,-6729.9,-3951.9
-1503.4,700.99,2266.6,1528.5,-259.38,-116.33,2334.3,3805.1,1553.2,-3084.8,-6531,-6898.2,-4818.6,-1685.1,1251.5,2794.8,2545.4,1625.3,1443,1869.8,1726.7,879.7,518.91,1160.9,1647.2,793,-841.32,-1685.1,-1194.2,-261.03,270.18,520.19,666.52,51.808,-1754.7,-3372.8,-2569.9,625.81,3039.6,1886.8,-1451,-2769.9,-153.89,3763.6,5085.9,2887,-582.33,-2822.3,-3156.4,-2492.2,-2055.5,-2244.1,-2246.5,-1064.9,885.36,1937.9,1385.4,590.97,1047.9,2170.3,2203.8,848.32,-342.8,-104.29,1110,1989.1,1835.6,988.83,309.33,277.87,320.55,-627.24,-2518.8,-3844.4,-3571.5,-2640.8,-2490.7,-2832.9,-2276.9,-631.6,1002.8,2153.8,3292.1,4241.4,3961.9,2195.9,-48.168,-1751.7,-2308.2,-1047.5,1738.3,3546.4,1989.3,-1371.6,-2334.5,65.752,2039.6,718.08,-1878.7,-2594.2,-1670.9,-736.47,730.05,3236.8,4098.1,873.36,-3679,-4849.4,-3080.3,-2637.9,-3756.9,-2165.1,2757.8,5699.9,3657.8,516.27,-99.741,-806.12,-4236.3,-5912.4,-396.01,8385.1
-540.96,2268.8,3806.5,2336.2,-631.61,-1327.2,1450.9,3966.2,1847,-4182.7,-8980.5,-9010.5,-5567.7,-1940.9,398.38,1892.3,2948.7,3386.7,3147.5,2507.7,1854.6,1717.6,2480.9,3558.1,3427.7,1186.9,-2174,-4513.1,-4420.2,-2216.2,503.65,2024.5,1575.2,-303.65,-2313.7,-3197.9,-2137.2,706.55,3380.7,3060.1,-518.75,-3295.7,-1084.4,4373.5,6518.8,2299.4,-3607,-5136.1,-2712.8,-1362.7,-2780.8,-3677.2,-1779.6,940.81,2160.7,2498.3,3012.7,2657.3,744.34,-652.21,313.66,1856.1,1290.3,-344.8,76.275,2368.6,3108.3,1162.4,-637.19,-303.72,269.24,-1183.4,-3576.1,-4469.8,-3712.7,-2825.1,-2325.7,-1854.7,-1647.9,-1720.3,-764.38,1878.2,4233.8,4128,2594.3,2113.7,2423.7,1493.4,80.649,1033.7,3607.9,3262.6,-1015.9,-3936.4,-1742.8,1453.3,-92.006,-4535.5,-5508.1,-2436.8,-707.17,-1592.6,186.6,6336.8,9769.2,4584,-4265,-7704.4,-5133.9,-3071.9,-3520.5,-1969.4,2862.4,5621.8,3239.3,21.317,-173.12,-380.71,-3632.1,-5216.9,538.25,9197.4
5460.5,5409.5,388.85,-3389.2,-2007.8,656.24,93.226,-1909,-1742.2,-547.56,-1302.5,-2948.5,-2528.7,-619.48,107.74,-277.88,75.95,821.97,526.67,81.786,981.35,1823.9,560.24,-1326.5,-980.95,906.97,1432.1,378.97,-255.86,-248.01,-534.82,-178.22,1726.3,2837.7,986.53,-1107,168.92,2666.3,1998.4,-351.92,106.86,1530,-1709.1,-7448.1,-7082.6,-215.93,3012.2,-1717.8,-5229.3,-146.14,6336.3,4234.9,-2851.3,-4179.5,890.42,3753,1595.7,42.955,1611.9,2282.3,469.93,-102.26,1704.2,2073.1,-108.51,-902.72,1000.9,1544.1,-1049.1,-2824.8,-1419.4,-231.37,-1747,-2941,-1311.3,279.38,-895.31,-2374.4,-1417.4,-1.6776,-329.97,-173.47,2376.8,4154,2251.9,-260.46,328.37,1565.6,-293.87,-2583.8,-678.71,3043.1,2731.5,-554.46,-537.39,3053.6,3716.6,-719.34,-4628.2,-4075.2,-2006.5,-1322.6,-116.66,2569.2,2947.5,-951.29,-4494.3,-3256,-35.791,186.37,-1500.7,-474.05,3179.4,4817.4,2712.5,257.59,411.73,1778,1169.8,-2124.5,-5382.1,-5066.7
5570.9,4942.9,-45.101,-3058,-1301.6,779.77,-484.26,-2501.5,-2010.2,-635.61,-967.19,-1671.6,-724.5,276.68,-722.69,-1971.7,-1002.4,825.86,957.5,247.52,833.7,1760.1,910.03,-723.64,-809.16,95.522,15.042,-567.35,-156.59,395.42,-127.46,-184.65,1546.5,2648.2,1038.9,-324.48,1708.5,3969.1,1929.5,-1666.7,-1149.9,1299.9,-1162.2,-6896.3,-6838.6,-138.34,2983,-1940.2,-5521.6,-143.78,6784.1,4742.8,-2870.8,-4825.2,183.44,3532.1,1686.6,-181.41,859.37,1399.1,-157.71,-383.77,1936.8,3009.6,1044.3,-568.15,313.57,1036.1,-272.04,-1227.1,-203.18,359.43,-1258.8,-2643,-1740.3,-523.81,-1107.3,-2122.8,-1878.2,-1352,-1299.8,-236.42,1988,2661.4,1051.5,371.78,1836,1722.3,-1664.2,-3363.8,534.22,5308.2,4322.9,-359.02,-1474.9,1755.1,3268.6,516.4,-2512.6,-2916.2,-2389.6,-2039.6,-371.68,1826.2,887.97,-3066.6,-4688.3,-1540.9,1682.5,632.73,-1855.2,-772.06,2989.3,4473.8,2345.5,89.183,331.49,1615.4,1012.1,-2128.9,-5222.6,-4740.9
-721.82,2197.5,1690.4,-1257.1,-1613.7,1933.5,4895.5,3563.2,-456.23,-3789.3,-5540.8,-5888.7,-3965.9,-48.751,2748.2,2061.8,-176.69,-547.19,984.62,1768.7,942.83,326.11,1139.8,2203.8,1688.9,-641.66,-2990,-2912.1,-1.1133,2681.1,1756.5,-1476.4,-2142.8,888.65,2614.2,-370.32,-3670.1,-1338.7,4497.1,6229.5,1909.2,-2409.9,-1929.6,1084.7,2315.7,1035.1,-1542,-4978.3,-7883.8,-7317.6,-2970.3,1188.4,2192.3,1906.2,2843.5,3634.4,2190.3,216.44,365.54,1405,684.99,-616.08,478.69,2964.6,3214.8,1330.7,865.7,2289.1,2100.5,-772.63,-2970.7,-2664.7,-2495,-4198.8,-4996.2,-2618.2,35.21,-712.65,-3194.5,-3002.8,189.99,2775.8,3170.3,3279.6,3963.7,3145.4,-151.52,-2914.6,-1589.5,2881.5,5548.7,3109.6,-2059.4,-4385,-1507.6,2934.4,3831.3,752.77,-2442.1,-3354,-3207.5,-2965.1,-1182.2,2309.5,4144.8,1980.6,-1433.5,-2304.4,-1538.8,-2247.9,-3502.3,-1796,2078.5,3311.9,739.47,-1393.9,-842.19,-834.86,-3229.7,-3625.5,1864.4,8882.2
-2386.6,995.93,2076.8,642.18,202.92,1891.2,2853.6,1186.7,-1414.7,-2995.6,-3830.6,-4188.1,-2895.5,-17.283,1879.6,1267.9,68.906,414.66,1328.6,1030.1,412.6,1356.5,3074.7,3077.5,943.86,-1417.5,-2612,-2631.1,-1652.7,-203.41,278.4,-699.03,-1179.3,428.11,2152.1,1192,-1025.4,-423.03,3062.3,4615.4,1585.7,-2437.4,-2783.3,43.01,1871,549.8,-2453.9,-4758.3,-5057,-3292.8,-717.24,856.42,1097,1486.6,2668.8,3114.9,1821.2,425.66,626.23,1261.7,463.45,-791.64,-270.86,1400.8,1547.5,-1.2106,-587.61,741.22,1704.3,698.26,-829.92,-1320.8,-1634.8,-2759.4,-3364.1,-2031.7,-223.54,-387.35,-2069.1,-2502.7,-745.13,1231.5,1828,1913.9,2659.1,3104.7,1682.7,-636.03,-841.87,1901,4255.3,2606.6,-1797.2,-3921.8,-1545.3,1736.1,1650.1,-964.45,-2275.5,-1580.9,-1378.2,-1930.2,-468.94,3111.2,4410.7,992.65,-3198.2,-3460.7,-1242.5,-1028.4,-2643.5,-1985.8,1426.9,3279.3,1523.8,-628.91,-614.4,-538.35,-2263.8,-2713.2,1462.3,7224.8
-1052.3,1434.7,2248.8,635.24,-717.6,228.3,2118.5,2431.7,531.22,-2463.5,-5096.8,-5825.3,-3630.9,212.35,2511.3,1832.2,439.93,923.07,2345.3,1993.1,-84.228,-1026.5,445.78,2158,1661.9,-634.88,-2429.5,-2295,-693.19,865.38,1122.3,188.09,-531.65,-216.12,12.665,-1069.4,-2119.6,-604.66,2973.2,4784.7,2760.1,-320.81,-667.28,1356.8,2218.9,289.59,-2582.9,-4255.7,-4652.5,-4522,-3772.5,-2003.1,396.34,2497.6,3648.5,3670.5,2759.6,1418.8,103.86,-1049.3,-1810.9,-1581.3,-218.89,1307.1,2031.5,2351.1,3103.5,3695.4,2729.8,438.65,-1323.4,-1863.9,-2498.1,-3816.5,-4163.5,-2421.9,-579.55,-1208.4,-3346.8,-3532.4,-818.83,1911.3,2325,1740.6,2221.6,2782.5,1288.1,-966.75,-173.03,3845,5895,2258,-3247.7,-3801.3,837.02,3805.8,993.19,-3311,-3463.5,-1016.6,-1250.1,-3671.9,-2512.8,3169.8,6581.6,3061.5,-2765.7,-4035.5,-1476.4,-623.99,-2150.3,-1673.3,1608.7,2994.1,270.59,-2530.9,-2044,-818.78,-1785.6,-2109.2,2063.3,7767.5
-1484.6,667.14,2053.4,934.98,-806.1,-305.91,1985.9,2804.5,534.14,-2867.2,-4591.2,-3881.3,-1806.1,283.13,1397.8,1260.1,716.42,885.05,1492.9,1181.3,-122.56,-587.98,852.15,2519.5,2034.4,-446.47,-2440.8,-2259.6,-706.78,320.14,14.28,-751.38,-630.74,461.01,984.51,-222.6,-1771.8,-999.19,2122.8,4146.5,2574,-486.29,-1170.6,721,1765.6,59.295,-2473.4,-3452.8,-3151.1,-2934.2,-2635.5,-1273.5,815.81,2292,2654.8,2424.1,1910.1,976.75,-206.78,-1093.9,-1301.2,-705.51,567.78,1816,2134.3,1673.1,1623.4,2254.9,2117.4,270.51,-1906,-2654.7,-2483.3,-2907.3,-3462.9,-2509.2,-644.38,-375.69,-1923.4,-2348.4,-111.43,2325.2,2430.6,1565.2,2191.9,3197.7,1791.2,-908.31,-660.69,2884.8,4442.7,716.69,-3930.2,-3292.5,1493.7,3443.2,-68.962,-3802.5,-2975.2,-285.98,-851.69,-3502.4,-2566.1,2621.4,5805.4,2877.8,-2130,-3256.9,-970.13,27.319,-1162,-1079.8,1263.9,2446.9,615.01,-1400.1,-1164.3,-623.21,-1792.7,-2107.5,1485.5,6210.4
-2117,619.22,1051,-125.91,60.669,2259.6,4205.7,3951.1,1612.5,-1732.5,-4939.1,-6571,-5581.9,-2751.1,-262.08,612.04,574.43,867.01,1659.9,2206.6,1956.8,1209.3,908.7,1625.6,2513.1,2007.4,176.09,-773.4,372.83,1442.1,-158.49,-2947.3,-2989.4,-141.86,1019,-1884,-4684.4,-2401.8,3059.2,5072.6,1463.5,-2641.7,-2022.5,2026.8,4297.6,2564.7,-690.86,-2492.2,-2766.4,-3113.8,-3840.3,-3469.6,-1016.4,2174.3,3600.9,2549.7,955.18,779.04,1455.6,1136.9,-195.33,-669.86,400.16,1391,1109.5,833.86,2107.5,3782.1,3242.3,124.65,-3093.9,-4376,-4300,-4338.1,-4419.4,-3457.2,-1557.6,-214.08,-187.47,-366.97,625.45,2471.6,3717.3,3842.1,3544.4,3021.1,1566.1,-475.71,-1104.8,423.4,1555,-296.64,-3288.5,-3049.3,849.96,3757,2433.7,-726.26,-2143.2,-2383.3,-3562.2,-4113,-998.55,3951.5,5212.3,1578.3,-1984.9,-2030.6,-1283.8,-2812,-4091.6,-1336.8,3398.7,4758.7,2173.8,-39.175,-292.16,-1653.1,-4865.3,-5114.1,742.11,7852.7
-2589.4,-145.19,1650.1,1787.5,1207,1382.2,2355.6,2535.1,665.89,-2426.1,-4653.1,-4925.5,-3815.9,-2217.9,-474.38,1029.1,1631,1332.1,1024.4,1175.4,1205.8,843.95,983.85,2082.2,2730.3,1471.5,-541.86,-722.55,1037.3,1761.7,-375.95,-3096.8,-3065.4,-740.52,197.45,-1734.1,-3412.5,-1476.5,2574.3,3982.3,1151.2,-2015.3,-1302.9,2183.3,3723.8,1460.2,-1528.3,-2061.7,-1143.1,-1627.6,-3408.5,-3577.4,-961.43,2059.6,2887,1883.6,1103.5,1238.9,1286.3,579.98,-263.19,-427.28,29.58,478.85,661.09,1024.2,2036.3,3139.5,2811.5,303.59,-2928.9,-4528.9,-4011.1,-3069.2,-2885.6,-2643.6,-1475.4,-268.2,-94.687,-157.64,854.75,2332.9,2783.1,2570.3,3096.5,3594.3,1846.7,-1424.3,-2325.6,399.32,2575.9,439.85,-3298.6,-3113.2,1032.4,3561.4,1509.1,-1727.8,-2368,-1681,-2407.7,-3126.5,-623.19,3723.5,4813.9,1321.9,-2150.5,-1941.3,-395.6,-1310.1,-3469.3,-2731.7,1039.2,3567.3,2609.5,561.09,-397.81,-1577.1,-3785.8,-3791.2,1148.4,7393.1
-8106.3,1283.6,6640.8,3146.7,-1300,1230.7,7151.4,7982.1,2876.5,-2538.1,-6042.1,-9604.9,-12107,-9512.3,-2763.5,1762.5,1331.6,215.38,1957.4,4183.8,4041.2,3474.5,5102.2,6877.6,5244.7,1029,-1779.1,-1497.4,182.79,1291.2,1119.1,-220.47,-1804.2,-2677,-3682.5,-6214.8,-8147.5,-4897.5,2923,7271.8,2639.8,-5095.2,-5573.6,2143.4,8876.9,8149.9,3222.8,-40.652,-1307.1,-3461.1,-6341.1,-6897.2,-3878.3,612.49,3592.5,3742.5,2265.7,1806.8,3309.4,4074,1142.5,-3542,-4721.8,-1238.1,2113.5,1948.1,1290.7,3843.9,6890.6,4843.4,-1973.6,-7329.1,-7637,-5702.6,-5056.9,-4950.6,-3143.7,-349.37,1061.4,942.81,1124.2,2168.1,2952.7,3244.8,4162.3,5488.1,4866.9,1317.8,-2143.3,-1934.4,721.68,1038,-2099.3,-3719.2,-12.799,5097.4,4712.7,-1435.4,-6905.4,-7467.4,-4849.9,-1306.8,3386.6,7489.3,6260,-562.83,-5813.8,-4613.7,-1910.7,-3887.3,-6729,-2687.6,5878.4,9017.7,4959.8,2023.3,3065.5,280.21,-9032.6,-13204,-2540.9,13419
-8471.2,595.17,4995.8,2824,1483.5,4864.4,7815.3,5226.8,-384.13,-4145.7,-6155.9,-8668,-10068,-7362,-2372.7,132.26,-436.53,-287.43,2099.3,4039,4000.5,4251.6,6380.2,7903.3,5860.4,1416.9,-1541.6,-1156.7,810.37,1408.5,-500.58,-3178.2,-3834.6,-2288.8,-1914.6,-4887.4,-7524.1,-4180.2,3828.4,7817.6,2732.1,-5344.6,-6628.9,-73.937,6266,6261.3,2210.4,-428.32,-510.37,-904.86,-3098,-5014.8,-4020.1,-398.36,2848,3448.9,2539.9,2983.6,4984.2,5157.9,1287.4,-3731.6,-5193.6,-2800.8,-412.86,218.12,1637.9,5302.2,7625.7,4419.7,-2793.5,-8241.8,-8879.9,-6849.8,-5103.9,-3714.7,-1597.1,646.26,1612.8,1525.3,1764.7,2539,2915.3,3045.1,4227.2,6062,5687.3,1667.9,-2873.8,-3675.9,-1267.8,-288.8,-2411.9,-3543.9,-129.25,4854.8,5543.7,940.41,-4532.2,-6965.7,-5698.3,-1270.7,4623.3,7394.6,3259.1,-4167.9,-6567.9,-2392.4,355.66,-3460,-7276.7,-2844.4,6073.6,8839,4083.4,524.12,1526.9,-55.156,-7594.1,-11504,-2549.8,12385
-6425.2,-2349.3,6783,8301,-338.14,-7126.7,-3141.8,5393.5,7249.9,762.67,-6978.4,-9997.4,-7426.1,-1493.9,4020.8,5802,4428.8,3558.6,4249.8,3619.9,598.64,-1561.1,-890.02,-137.53,-1559.2,-2834.7,-1760.8,-518.65,-1070.6,-688.83,2878.3,5673.1,2806.3,-3467.9,-6958.8,-6484.4,-5429.5,-4413.9,-1364.8,2125.4,2024.5,-124.36,2171,9764.1,14672,10745,2050.2,-3291.7,-3398.5,-2525.4,-3654.7,-5484.6,-5616,-3625.3,-1197.5,-497.15,-1766.9,-2555.2,-1069.2,373.45,-1485.2,-4611.9,-3393.5,2553.6,6727.7,5263.8,2637.1,4011.9,6916.5,5890.1,1655.8,-556.46,323.59,444.82,-1921.9,-4339,-5191,-5518.8,-5450.7,-3642.1,-1017.7,-397.61,-1292.2,215.35,4576.4,6401.5,2019.6,-4247.8,-5272.8,-483.28,3923.9,3496.6,682.66,531.57,3647.9,5617.5,3130.5,-1524.2,-3687.8,-2668.1,-1750.2,-2044.8,-701.37,2909.1,4061.2,-183.72,-4893,-4131.1,-625.76,-1214.9,-4715.8,-3356.2,3581,7349.7,3535.8,-1373.2,-1759,-1709.1,-5128,-5857.5,2294.7,12009
-11047,851.41,13337,8989.7,-6105.7,-9869.1,3034.1,14349,9726,-3986.9,-13520,-15940,-13794,-6714.1,3424,9008.1,6816.2,3677.5,5069,6391,2805.5,-980.89,519.58,2884.2,-323.77,-5385.4,-4435.3,1391.5,4974.9,5133.5,5363.8,4422.9,-1159.7,-7946.2,-9603.9,-7715.5,-7821,-7380.7,-323.95,8101.4,6056.1,-3940,-4790.8,9080.5,20588,14050,-2357.6,-10033,-6200.5,-3045.3,-6206.4,-8350.6,-3516,3839.4,6427.8,3066.8,-2179.2,-4799.9,-2838.7,1257.5,2294,-1019.9,-3305.2,-185.35,4791.4,6265.7,6107.2,8830.3,11224,6187.3,-4104.7,-9266.1,-6223.9,-3463.5,-6642.4,-10010,-7525.6,-3380.3,-3827.8,-5816.7,-2764.9,3488,6196.6,5796.8,8028.9,11368,7782.3,-2201.4,-6674.6,-10.043,6738.2,2003.1,-7306.1,-5257.3,7900.7,14246,4360.8,-8718.4,-9593.6,-3043,-3631.5,-10241,-7966.8,5414.4,12892,4062.2,-8350.3,-8541.4,-1179.3,-341.14,-4595.7,-1272.3,9026.4,11861,3494.5,-3172.5,-1658,-1995.9,-9194.3,-9891.9,5275.5,20902
1845.1,3380.7,845.44,-1919.7,-1210.2,1057.3,1371.4,242.29,-40.199,-71.534,-1582.4,-3383.4,-3142.9,-1510.6,-779.55,-943.93,-522.29,207.01,175.76,212.81,1355.2,2038.5,560.29,-1190.6,-357.27,1863.9,1978.2,-11.028,-848.37,508.6,1897.8,2131.3,2065.8,1659.6,-7.6962,-1823.7,-1633.7,3.124,797.08,797.27,1246.8,496.54,-3536.7,-7601.9,-6256.1,-882.57,1520.1,-507.2,-813.11,3038.9,4873.6,673.38,-3757.8,-2045.7,2555.2,3351.3,1131.4,1138.4,3335,3697.8,2173.4,1537,767.89,-2634.3,-5786.2,-3959.7,532.91,1322.3,-1213.7,-983.39,2357.2,2563.5,-1608,-3774.9,-1295.2,289.32,-2224.2,-3931.5,-1303.7,1274.8,220.93,-193.94,3626.9,6533,3128.1,-2057.6,-1770,1797.2,1482.2,-2233.4,-3032.5,-414.4,669.81,242.94,2855.6,6924.5,5200.2,-2554,-7485.1,-5099.5,-1304.9,-1216.9,-1239.2,2205.4,4497.9,688.32,-4924.4,-5132.5,-1248,-8.7578,-1930.7,-1080.7,4245.7,8257.1,6376.4,1384.2,-1386.8,-1030.4,-738.63,-2597.3,-4851.8,-4209.2
1852.4,1901.5,-723.1,-1824.9,120.91,1759.4,763.38,-718.89,-532.65,-178.73,-1333,-2338.5,-1281.3,325.38,132.61,-1049,-954.68,256.77,797.28,478.21,396.13,551.13,241.11,-160.02,52.271,381.69,140.91,-165.84,1.108,156.12,241.33,1157,2430.6,1939.2,-284.18,-1071.7,770.93,1973.7,423.74,-830.8,634.25,1198.2,-2622.6,-6495.3,-4274.4,1057.2,1288.1,-3293.5,-3899.1,1970.2,5845,1967,-3613.8,-3172.1,1202,2981.2,1905.1,1898.8,2830.6,1869.4,-13.804,71.679,880.3,-562.95,-2581.8,-1452.8,1406.5,1637.5,-106.25,419.83,2540.8,1278.1,-3309.1,-5237.1,-2478.1,-221.71,-1861.1,-3758.8,-2295.6,246.11,818.39,1012.8,2914.5,4352.2,2909.6,659.47,408.55,814.01,-396.27,-1781.4,-1192.7,-99.969,-359.05,-7.1071,2762.2,4743.2,2452.5,-1264.7,-1606.8,-162.14,-1725.1,-4697.3,-3016.2,2556.2,3939.6,-1562.8,-6432.1,-4508.6,-5.5053,346.09,-1807,-128.79,5386.7,8114.7,4602.3,-1096.3,-3529.1,-2173,-374.56,-527.03,-1759.9,-1616.9
-305.04,764.36,2107.8,2138,400.44,-1346.3,-1556.9,-977.04,-855.6,-754.62,-49.355,28.118,-1637,-3210.3,-1981.9,1245.7,2884,1745.6,412.02,708.39,960.05,-542.82,-2053.1,-958.72,1828.4,3028.7,1820,547.27,539.91,235.05,-1389.4,-2226.6,-257.36,2326.1,1378.1,-2998.4,-5707.8,-3342.5,1093.3,2512,865.22,462.68,2723.5,3791.8,896.51,-2622.7,-2028.3,1303.6,1500.8,-2943.5,-6423.1,-3996.2,1715.1,4402.4,2531.2,179.42,291.46,1167.7,555.31,-338.56,674.96,2555,2398.7,151.42,-1170.3,-189.96,804.73,-284.02,-2016.3,-1947.4,-642.55,-513.96,-1699.2,-2054.2,-992.02,-274.81,-595.78,-506.17,267.49,-214.55,-1986.3,-1509.8,2746.9,6168.6,3945.6,-881.6,-948.54,4287.3,7053.3,2447.2,-4613.9,-6831.2,-4141.7,-1539.6,-917.68,-364.99,503.49,103.23,-793.81,512.4,3376.7,3615,-120.4,-3800.8,-3694.1,-1190.4,217.46,-28.657,-27.026,1038.6,2202,2381,1111.6,-1200.7,-2701.5,-1468.6,1445.8,2517.9,674.33,-843.47,479.23,2301.6
695.26,981.2,258.95,-201.57,378.03,1080.5,742.66,-420.47,-1334.3,-1475.9,-1085.6,-542.58,-179.68,-252.93,-536.12,-407.99,191.19,498.11,130.17,-208.57,80.248,414.33,84.52,-378.75,-50.061,768.56,1020,548.67,36.963,-292.51,-575.21,-346.69,748.8,1604.4,795.95,-961.41,-1380.6,156.56,1788.6,1953.4,1054.3,-127.15,-1554.1,-2652.4,-2130.3,-328.14,362.11,-1027.4,-2196.2,-1087.2,771.3,837.19,-284.9,-165.55,1189.8,1613,694.59,171.59,501.03,298.48,-456.87,91.984,2101.6,3020.5,1538.6,-230.28,-240.57,331.83,-463.17,-1890.4,-1995.4,-995.17,-650.15,-1209.4,-1382.1,-826.08,-520.68,-887,-1299.2,-1272.4,-696.07,688.29,2598.6,3566,2561.9,743.16,-22.47,246.8,253.05,-139.63,-172.77,-233.24,-1101.3,-1561.8,284.54,3183.5,3398.8,107.24,-2937.7,-2615.4,-508.94,197.36,-623.66,-1017.7,-665.48,-742.74,-1174.4,-786.88,299.05,807.32,548.57,431.14,526.19,187.24,-138.81,614.89,1863.2,1748.5,69.301,-1219.1,-898.17,42.71
-1947.7,1355.5,4722.4,3652.3,-652.49,-2237.6,787.89,3386,1289.6,-3205.6,-5767,-6034.9,-5728.8,-4373.9,-985.2,2447.7,3221.3,2165.4,2069.8,3066,3004.1,1571,629.06,774.21,676.85,-63.536,-156.56,877.82,1680.5,1095.5,-339.08,-1325.3,-1218.8,-602.65,-1021.4,-3167.3,-4751.8,-2346.8,3135.5,5682.5,1927.2,-3085.2,-2388.6,2616.4,4215.6,182.13,-3270.7,-1920.2,-82.018,-2720.5,-6580,-5043.7,1422.8,5941.3,5089.3,2269,1059.4,585.95,-809.09,-1615.8,239.29,3340.1,4247.6,2088.5,-473.02,-694.44,1169.7,2461.6,1189.9,-1801.5,-3880.1,-3775.9,-2893.1,-2921.5,-3260.9,-2336.1,-738.37,-801.67,-2809.9,-3868.8,-1677.2,2289.9,4891.3,5334.4,5154.3,4909.8,3392,611.32,-845.17,682.12,2590.6,1003.3,-3153.8,-4425.1,-554.87,3375.6,1718,-3288.8,-4562,-774.56,1803.8,-765.18,-4145.9,-3020.1,649.73,1516.4,-610.24,-1782.9,-1099.2,-826.34,-738.24,1334.3,3809.5,2814.3,-405.68,-562.58,2127.2,1344.1,-3741.1,-4797.6,2529.7,9733.7
-324.8,1860.4,2683.9,1577.5,-157.15,-834.84,-145.07,658.18,306.24,-1157.6,-2783.3,-3808.9,-3826.9,-2546,-337.53,1394.5,1513.5,690.11,532.25,1262,1589.7,1024.4,682.06,1158.2,1276.2,194.65,-701.62,175.07,1704.3,1392.8,-721.98,-1901.1,-835.31,368.05,-489.86,-2249.3,-2067.1,481.2,2850.9,2836.9,936.19,-740.85,-864.89,82.48,571.96,-321.41,-1828.5,-2383,-1783.6,-1537.9,-2401.2,-2764.1,-881.6,2206.9,3826.3,3213.7,1870.7,680.17,-806.02,-1945.4,-808.4,2321.4,3958.7,2039.8,-646.35,-294.43,2292.8,3077.8,894.74,-1321.5,-1508,-1224.2,-2295.7,-3621,-3254.8,-1734.5,-1227.6,-2372.5,-3682.8,-3553,-1640.6,1250.4,3717.5,4652.1,4216.2,3408.5,2525.5,1211.4,118.3,539.76,1730.2,1051.5,-1721.3,-2893.2,-133.21,3180.1,2413.2,-1308.8,-2879.2,-1121.8,22.629,-1453.5,-2604.9,-1304.8,-137.8,-1535.5,-3183.7,-2099.4,85.037,287.09,-313.76,1269.8,3635.9,2914.3,-28.877,-448.63,1904.5,1767.7,-2360.9,-4383.7,81.312,6012.5
-8879.2,-1091.4,8035.6,7009.3,-2053.2,-5634.9,1637.4,9451.1,7075,-2448,-8869.1,-8868.6,-6704,-4877.9,-1645.4,3227,6406.3,5682,2898.2,1106.6,1099.4,1561.2,1266.4,473.77,339.8,864.8,226.01,-2303.3,-3752.4,-902.01,3895.5,4544.9,-223,-4794.1,-5123.5,-4063.1,-4867,-4771,-535.82,3990.4,3031.4,-898.91,151.09,6981.5,11378,8232.3,2257,-382.03,-844.97,-3559.7,-7934.6,-9338.9,-6135.6,-1364,1650.9,2182,1199.8,2.0954,-541.41,-716.99,-1301.9,-1662.6,-200.7,2648.3,4208.7,3506.3,2810.1,3661.1,4193.8,2597.5,442.77,-250.31,-662.86,-2542.4,-4235.1,-3378.2,-1831,-3264.8,-6567.5,-6599.6,-2002.9,2460.1,2933.9,1636.5,2389.3,4321.3,3708.5,408.94,-1514.2,156.86,2430.3,1613.2,-882.9,-345.29,3765.9,5781.7,1541.3,-4784.2,-5845.6,-1581.7,1115.8,-618.27,-1749.8,1024.5,2912.4,-466.76,-4535.2,-3192.4,187.44,-1483.4,-5570,-3117.1,5173.1,8426.2,2955.5,-2105,-942.75,-435.69,-5706.3,-8008.9,1297.3,13441
-8409.6,-1142.4,7958.7,7112.2,-1823.1,-5229.4,1974.3,9009.5,5704,-3666.6,-8857.5,-8017.1,-6186.2,-4949.1,-1676.5,3398.8,6414,5755.9,3677.4,2156.8,970.64,-168.31,-606.68,-62.552,890.79,1399.2,569.93,-1531.6,-2620.8,-382.96,3295.2,3615.3,-296.07,-3853.2,-4225.4,-4194.8,-5683.6,-4995.6,285.37,4736.1,2587.8,-1846.2,322.18,8322.9,12003,6782.9,-411.96,-2525.6,-1760.6,-3464.8,-6979.3,-7844,-5090.9,-1488.3,985.89,2114.1,1840.8,679.63,37.82,130.67,-351.46,-1121.5,101.5,3235.9,4774.9,3319.3,2166.3,3473.4,4115.1,1258.8,-2053.7,-1867.1,-309.59,-1793.8,-4965,-5053.8,-2623.7,-2754.9,-5692.1,-5706,-763,3625.1,3201.2,1501.7,3249.5,6072.4,4468,-744.99,-3056.5,-3.0218,3211.7,1630.8,-2009.9,-1355.4,3843.2,6585.7,2310.8,-4251.6,-5509.8,-1733.7,166.11,-2035.5,-2768.8,963.01,3520.9,85.504,-4397.5,-3274.9,92.029,-1699.6,-5961.8,-3391.7,5248.1,8652.7,3125.2,-1801.5,-443.05,-283.83,-6203.2,-8248.5,2438.6,15429
-219.32,2820,4338.4,2413.4,-445.88,-1054.4,259.71,831.42,-552.36,-2830.6,-4601.8,-5047.2,-3587.2,-604.59,1709.9,1336.4,-477.79,-293.34,2511.3,4140.5,1571,-2669.4,-3615.3,-563.56,2497.1,2743.6,1367.5,216.3,-745.18,-1341.6,-205.1,1961.3,1636.9,-1981.6,-4023.2,-633.72,4202.1,3854.8,-740.65,-2450.4,745.46,2851.4,73.244,-2940.1,-1043.4,2836.5,2553.4,-1647.4,-4354.3,-3659.4,-2656.1,-3031.1,-2736.2,-541.43,1728.9,2562,2671.2,2591.4,1643.4,204.62,-36.229,1023.5,1591.5,1241.6,1488,2444.7,2208.4,513.51,-446.56,-70.924,-592.01,-2673.9,-3609.1,-2092.1,-898.71,-1984.7,-2801.3,-1098,370.07,-1422.4,-3523.4,-1172.1,3827.7,5146.8,1668,-1090,174.15,2310.1,2039.2,1005.8,1711.3,2842.9,1974.4,-315.95,-2089.3,-3155.4,-3856.9,-3306.6,-1475.6,-453.8,-875.42,146.39,4200.2,7394.6,5231.5,-293.98,-3271.5,-2507.8,-2328.4,-4550.8,-5141.8,-1058.8,3969.9,4122.7,-406.43,-3722.7,-2136.2,1374.1,1634.7,-1614.2,-3239.5,347.73
1177.6,2741.2,2019.1,8.4814,-547.5,490.43,628.4,-1063.3,-2516.6,-2137.1,-1187.8,-1306.5,-1716.3,-871.75,539.9,568.31,-653.2,-896.4,643.85,1937.6,1110.2,-750.58,-1143.1,384.02,1842,1685.8,659.87,294.81,648.63,560.82,-290.26,-804.74,-218.95,548.49,112.79,-1328.5,-2122.8,-1250.2,574.15,1962.9,2209.5,1398.1,50.002,-939.28,-848.65,-179.85,-368.2,-1765,-2760.9,-1901,-108.84,539.89,-214.29,-652.93,189.75,1298.4,1528.1,1099.9,585.97,-77.684,-576.44,314.48,2743.8,4393.3,2991.4,-316.68,-2126.5,-1255.4,-11.921,-532.81,-1927.1,-2247.8,-1571.9,-1291.3,-1397,-640.17,827.56,1122.3,-493.95,-2142,-1799.9,0.91763,1267.7,1455,1655.6,2211.8,1977.9,487.81,-694.09,1.3904,1646,1792.6,-188,-2087.7,-1633.5,632.91,2016.8,862.75,-1617.9,-2804.2,-1561.9,601.46,1288.1,-109.68,-1855.7,-2052.1,-780.34,470.22,959.82,1209.3,1462.9,1007.1,-379.14,-1426.3,-880.75,642.32,1410.1,807.44,-227.44,-758.18,-735.81,-378.63
2650,3203.8,954.5,-1560.6,-2334.7,-1470.5,258.02,1864.7,1707.5,-886.36,-3871.6,-4586.1,-3111.2,-1410.7,-44.29,1630.8,2876.9,2340.8,930.8,701.35,1159.1,112.6,-1904.6,-1877,587.51,2264.1,1365.3,-115.45,-276.27,167.75,597.67,1872.5,3235.3,1821.5,-2384.6,-4945.7,-3124,55.56,1012.2,985.37,2235.7,2651,-626.55,-4898.1,-5019.7,-1326.6,1193.9,797.51,337.31,932.08,224.11,-2097.2,-2601.6,163.84,2978.3,3151,2284.1,2518.5,2817.2,1611.1,-91.803,-871.97,-1360.6,-2093.5,-1638.1,626.03,2418.6,1810,167.4,-606.96,-1253,-2853.9,-3901.5,-2815.2,-1207.2,-1317.2,-2095.2,-1250,537.1,1052.4,725.23,1586.6,3180.8,3339.7,2229.4,1862.5,2212.1,1554.9,116.04,-428.38,-478.8,-1495.9,-2139.8,-110.06,2542,1379,-2778,-4133,-1207.3,522.04,-1994.4,-3787.1,-215.25,4597.5,3762.2,-1688.9,-4740.6,-2937.4,-379.38,195.93,934,3446,5251.4,3892.1,929.06,-544.65,-120.71,91.194,-1461.1,-3980.2,-4913,-2352.1
3763.5,4656.2,2511.2,-166.22,-1869.7,-2646.4,-1933.6,306.2,1432.5,-975.8,-4843.5,-5939.5,-3759.8,-1363.8,-153.67,1098.3,2497.5,2596.4,1732.6,1721.7,2089.3,682.83,-1754.6,-1907,649.38,2509.2,1750.6,134.17,-689.39,-962.39,-225.63,2354.4,4300.5,1794.5,-3378.9,-4718.8,-838.07,1997.1,157.9,-1488.8,1229.2,3579.2,-201.86,-6231.6,-6421.4,-1150.4,2045.6,603.56,-798.23,295.26,719.49,-1059.5,-1741,509.58,2730.5,2649.5,2214.6,3128.4,3565.9,1921,-260.24,-1368.6,-1975.4,-2127,-403.85,2437.1,3042.5,728.7,-1059,-644.74,-866.78,-3370.9,-5038.1,-3476.4,-1421.4,-1712.4,-2255.7,-441.73,1517.3,683.71,-780.25,697.22,3610.2,4156.3,2865.5,2712.3,3006.2,1259.4,-911.58,-225.75,1600.9,488.64,-2077.3,-1294.8,1556,412.76,-4461.9,-5746,-1441.7,1283.8,-1526.8,-3442.6,1178.4,6684.5,4691.6,-2514.6,-5814.5,-3042.5,-248.36,-652.75,-698.26,2196.2,4948.6,4125.6,1134.2,-349.48,677.42,1891,517.03,-3484.5,-6348.1,-4009.2
-4145.9,2006.8,5596.7,2004.3,-3121.3,-1604.4,5290.9,8759.8,4549.7,-3089.2,-8905.6,-11764,-11580,-7276,-212.72,4941.5,5577,4192,3897.1,3998.1,2491.6,220.12,-356.02,1080.5,2541.5,2342.3,383.8,-2048.6,-2784.9,-583.75,2688.6,3452,758.12,-2791.5,-4976.3,-5905.5,-5169,-1013.7,5223.8,7782.1,3545.8,-2351.4,-2638.2,2131.6,4730.2,1691.6,-2661.8,-3482.9,-1977.1,-2423.8,-5725.1,-8472.3,-7009.1,-951.46,6242.6,9616.1,7092,1941.4,-672.08,354,1644.3,856.16,-375.97,113.37,1697.2,2859.8,3811.3,4927.7,4678.8,1720.8,-2361,-4923.9,-5816,-6627,-7364.4,-6646.5,-4784.1,-3777.6,-3963.4,-3307.9,-780.03,2029.9,3842.4,5831.6,8764.4,9956.3,6367.7,273.81,-1953.5,1777.9,5468.7,2869.9,-3130.2,-3973.1,1909.6,5894.2,1243.2,-7145.2,-10111,-7029.9,-4195.2,-3079.3,777.6,6930.8,7812.3,876.37,-5757.1,-5406.7,-2798.8,-4526.2,-6565.6,-1336.5,7619.3,9839.6,4788.4,1917.1,3431.6,609.75,-8535.7,-11490,39.723,14422
-873.2,1690.9,3032.4,792.42,-2214.8,-1590.8,1913.2,3422.9,1033.5,-2343,-4138.8,-4852.1,-4950.3,-3198.8,356.36,3091.2,3304.8,2391.2,1993.1,1581.5,493.41,-169.78,367.95,765.07,-97.492,-900.63,-100.98,1329.8,1541,770.21,505.88,796.15,458.65,-842.45,-2436.1,-3661.5,-3626,-1329.6,2250,3812.2,1732,-1074,-944.77,1174.9,1411.5,-848.68,-2244.7,-1077.1,143.4,-976.43,-3004,-3145.2,-1094.8,1472.1,3458.1,4490.2,3894,1518.5,-1108.5,-2068.2,-1199.3,74.832,638.24,562.2,529.95,1078.2,2031.9,2354.7,1197.2,-712.41,-1713.5,-1516.7,-1566.8,-2593.9,-3327,-2621.7,-1422.8,-1230.7,-1760.2,-1697.1,-913.04,-201.47,626.31,2464.6,4716.9,5208,3040.3,329.43,-58.879,1851.2,2926.6,909.84,-2183.1,-2237.4,1166.6,3347.5,667.34,-3934,-4808.2,-1826.8,-253.45,-2163.9,-3259.5,-409.68,2752.4,1744,-1452.3,-2115.5,-656.57,-787.24,-1934.4,-245.85,3553.2,4387.3,1508.6,-148.85,1048.7,493.14,-3407.4,-4462.7,1393.6,7767.6
-10530,799.75,11254,7303.1,-4038.5,-5468.4,4277.8,10130,4596.5,-4019.8,-8161.4,-10487,-13078,-10744,-1198.4,8407.1,11280,9340.9,6888.9,3604.9,-1090.6,-3692.7,-1940.9,955.2,1600.9,830.33,-186.59,-2372.7,-4349,-2137.7,3347.1,5197.9,626.58,-4623.7,-5759,-5306.6,-5551.3,-3005.9,3368.9,6705,2888.2,-762.68,3356.5,9886,8917.1,2424.9,416.66,3692.6,2896.6,-5487.1,-13665,-14688,-10310,-4603,1371.6,5823.7,5243.4,522.42,-2510.8,-1443.6,-30.252,-427.07,544.76,4503.1,7516.3,6732.3,5159.4,5889.6,6780.2,4925,1743.3,-442.83,-2673.7,-6185.3,-8806.7,-8529.2,-7352,-7752.4,-8257.7,-6163.8,-2130,1290.9,3611,5949,8124.6,8325.6,4900.2,-1585.4,-6706.9,-4783.4,3281.8,8091.6,4014.7,-548.04,4800.7,13279,8466.8,-8383.9,-16325,-5981.1,5535.3,2180.2,-6194.8,-3098.3,5631.4,3474.9,-6744.8,-8618.6,-2149.5,-2580.4,-10519,-9258.3,4655.1,13527,8470.3,2852.7,5259.7,3305,-10024,-16475,-414.37,21023
-13663,1596.3,10929,3729,-5868.1,-1471.1,10599,12764,2850.5,-6598.7,-9942.4,-12805,-16417,-13362,-1572.9,9996.2,13785,12165,9843.9,6457.8,1218.7,-2304.8,-1309,1249.3,1084.6,-1640,-4106,-5034.5,-4430.8,-2084.9,1397.5,4158.4,4740,2405.9,-3250.1,-9790.4,-10809,-2710,8167.5,11406,5594,-827.84,-2056.4,-744.38,-62.472,1604,4617.8,4518.8,-798.17,-6748.3,-9326.2,-10227,-10208,-4899.3,6257.2,13977,10426,1211.8,-2700.8,-726.27,-716.88,-4356.3,-4999,410.89,6829.9,9603.4,9510.6,8067.9,4918.2,1255.3,-538.26,-1713.7,-5489.7,-10151,-10661,-7775.1,-7805,-11610,-11959,-5099.4,2772.8,5210.5,4997.8,8157.8,13422,13990,7418.8,-1122.8,-4694.2,-1250.6,4500.7,5533.5,874.85,-1933.1,2870.7,8861.9,5040.1,-7235.1,-15010,-12389,-6803.8,-3751.6,1175.5,8667.5,8517.7,-3071.9,-12008,-6399.2,2915,-795.77,-11565,-9600.5,5993.5,15978,12318,7350.3,7258.2,596.32,-15844,-21970,-2898,23582
-626.7,-1233.6,2124.6,2919.1,-817.71,-3195.3,-609.85,2533,1448.4,-1964.6,-3451.8,-2706.5,-1472.8,403.79,3117.4,4523.3,3253.7,1317.9,530.85,-501.88,-2722,-3415.7,-509.23,2932.5,2674.9,-539.94,-2711.7,-2252.8,-258.05,2366.3,4050,1689,-4560.6,-8335.8,-4625.3,1968.8,3074.2,-985.62,-2247.6,1702.4,4277.1,1611.6,-766.82,2512.8,7345.7,6417.9,184.63,-4612.3,-4654.4,-2604.8,-1457.6,-1260.1,-996.02,-92.172,1561.7,2639.5,786.13,-3565.5,-5916.9,-3372.9,655.1,1262.9,-531.58,65.767,3427.6,4934.2,2626.5,100.09,480.4,2070.6,1978,416.73,-860.83,-1637.8,-2567.9,-3415.4,-3589,-2868.9,-841.88,2378.6,4494.8,2923.7,-874.24,-2261,43.024,1879.7,235.57,-1880,-553.21,2265.8,1805.4,-1532.3,-2492,738.36,3517.2,1672.7,-2483.2,-3817.6,-1576,403.49,-169.45,-1026.1,571.39,3208.7,3199.7,204.41,-1992,-1033.5,598.18,-113.59,-1580.8,-426.77,2189,1921.3,-1264.6,-2446.6,30.237,1449.8,-1058.5,-2828.4,722.69,5424.3
3061.1,2470.7,1136.5,-681.91,-2206.1,-2087.8,-304.04,1049.7,162.7,-2124.7,-3499.8,-2943.4,-1202.6,726.46,2312.4,3109.4,2807.6,1611,64.705,-1186.2,-1359.5,-173.77,1220.5,1163.4,-226.5,-1070.4,-519.49,197.26,175.65,126.29,154.52,-1209.9,-3896.7,-4791.8,-2048.3,1358.6,1697.3,192.02,731.78,3247.8,4020.7,2220.4,1267,2886.8,4294.5,2831.2,-429.67,-3386.9,-5629.1,-6634.4,-4839.5,-767.8,2144.6,2174.5,1601.5,2068.8,1330,-2230.3,-5458.1,-4874.1,-2191.7,-844,221.41,3878.6,7996,7514.7,2760.8,-486.52,276.7,1334.2,-223.1,-2184,-2109.3,-1451,-1925.4,-2092,-668.29,471.68,-242.26,-1050.2,-469.26,-443.63,-2304,-3077.8,-256.48,2824.4,1665.7,-1543.3,-774.31,4039,6365.2,2930.1,-1688.7,-2403.4,-544.69,-296.28,-1952.2,-2553,-1147.8,251.94,331.38,240.78,1412.1,3275.5,3744.5,1559,-1959.5,-3756.9,-2260.3,629,1762,466.27,-1366.4,-2301.9,-2449.9,-1913.5,-623.03,299.71,-285.96,-853.72,1140.1,4454.4
599.96,1143.1,3354.4,3176.4,-585.25,-3172.7,-916.1,2676.7,1732.7,-3771.7,-8450,-8427,-4403,825.17,4691.3,5657,4407.1,3406.6,3361.2,1993.3,-1448.9,-3320.7,-805.25,2678.3,2018.6,-1610.1,-2781.4,-658.38,290.16,-1609.6,-2714,-881.02,1041.6,594.68,-648.73,-1048.9,-1483.8,-1655.2,822.84,4759.8,4623.4,-520.81,-3134.4,2135.5,9009,7747.7,-912.51,-7644.2,-8023.5,-6051.8,-4997.8,-2993.3,1002,3992,4007.5,2782.6,1455.1,-1117.7,-3987.5,-3644.8,-211.56,1478.6,-214.56,-454.74,3758.5,7638,5960.4,1560,506.74,2405.3,2028.2,-1604.5,-4374.9,-4396.2,-4056.8,-4670.7,-4556.6,-3136.3,-2200.8,-2174.8,-1214.2,1176.1,3324.8,4542.7,5259.6,4173.8,85.014,-3318.3,-616.26,5920.3,6901.3,-699.9,-7337.6,-3954.6,4310.6,5436.2,-1761.1,-6634.1,-3326.2,1252.4,-366.13,-4149.4,-1521,6368.2,9533.4,3471.4,-4872.3,-7353.7,-4741.7,-2673.8,-2111.2,252.33,4061.6,4549.4,617.96,-2475.4,-1370.6,-56.119,-2413.4,-4088.5,1103,9368.9
2374.7,2796.5,4700.6,3303.3,-1981.2,-4462.3,-244.25,4672.7,2438.4,-5735.6,-11803,-11086,-5605.4,519.64,4609.1,5765,5176.5,5014.3,5009.1,2575.3,-1746.2,-3029.9,538.34,3398.1,647.16,-3895,-3754,-295.07,218.59,-2412.9,-2587.4,760.27,2491.6,462.9,-1580.9,-1541.9,-1622.4,-1794.1,1239.2,6004.9,5760,-20.172,-2261.9,3883.2,9864.6,5909.8,-4272.3,-9705.1,-8040.1,-5706.6,-5410.2,-3486.8,1139.5,4442.4,4345.8,2828.9,592.9,-3262.9,-6018,-3392.9,2288.8,3809.5,507.87,-83.115,5279,9722.1,7274.1,2094.1,867.54,2298.8,965.44,-3077,-5603.8,-5884.9,-6310.3,-6611.9,-4759.7,-2044,-1430.6,-2089.6,-989.78,1397,2465.2,2989.4,5115.6,6266.6,2427.9,-2883.4,-1480.6,6053.8,8748.9,1238.8,-6930.9,-4848.3,3366.2,4833.8,-2783.1,-8520.1,-5157.3,732,214.17,-3928.1,-2057.2,6687,11979,6570.3,-3861.3,-8880.7,-6453.1,-2502.3,-353.39,2134.8,5013.9,3721.1,-2617.4,-7064.6,-4472.9,125.25,-343.89,-2772.4,1093.1,9514.8
-1154.2,-262.54,4426.8,6113,1847.3,-1597.8,1129.8,4493,750.19,-7567.8,-11673,-9169.2,-4881.5,-1693.2,1616,4725.2,5364.3,4163.3,3564.5,2688.4,-366.27,-2492.5,569.48,5243.7,3753.9,-2944,-5438,-863.49,2524.3,-447.21,-3348.8,-23.954,4282.7,1997.2,-3859.1,-5131.5,-1595.6,852.19,1002.6,1814.2,2241.6,-511.16,-2665.1,1826.1,9331.7,9441.4,629.34,-7203.9,-7797.5,-5963.2,-6606.9,-6341.2,-1516.9,3873.8,4877.4,3473.5,3362.4,2802.6,-692.95,-3815.4,-2672.6,-20.739,-116.9,-482.57,3388.6,8522.6,8214.6,3180.6,289.71,1132.1,557.19,-3201.5,-5578.3,-4394.9,-3565,-5513.7,-6890.4,-4920.3,-1949.6,-525.32,577.86,2467.2,3542.9,3476.9,4276.2,4954.7,1771.6,-3184.2,-1840.6,6246.3,9101.2,-380.03,-10515,-6267,6937.9,9772.7,-1862.3,-10614,-4592.5,5127.2,3443.8,-4864.5,-4178.2,6062.4,10444,1751.6,-8747.6,-9270.3,-3560.9,-1493.3,-2772.9,-251.03,5476.2,6144.3,-6.3138,-4574,-2305.1,930.84,-1121.9,-3776.6,941.18,9724
-1955.7,-93.03,4685,6059.3,1346.1,-3372.8,-2103,2044.6,2015.5,-2706.5,-6550.5,-6379,-3894.3,-991.12,1914.7,3615.1,2980.9,1697.6,1937.2,2197.7,-51.366,-2746,-1693.6,1905.2,2491.6,-861.25,-2804.8,-530.96,2042.1,1457.4,172.86,1214.7,2519.7,980.63,-1892.9,-2779.4,-1789.1,-871.11,-68.368,740.09,-294.25,-3091.4,-3144.1,1944.1,6728,4834.4,-1066.5,-3180.3,-684.67,40.415,-3015.1,-4217.1,-459.11,3330.1,2454.1,-440.81,-1003.2,-338.96,-1389.4,-2618.9,-978.04,1989.2,2600.8,1450.9,1965.5,3962.6,3953.5,1322.8,-737.21,-618.83,-228.58,-970.13,-1733.7,-1779.3,-2176.7,-3278.4,-3661.8,-2616.9,-1219.3,-243.21,578.47,876.74,14.933,-575.9,1258.1,4101.1,3884.9,414.89,-1324.5,1168.5,3368.2,846.09,-2881.8,-1381.9,3993.3,5312,183.73,-4312.3,-2543.4,1005.2,-832.02,-6015.7,-5939.3,1120.9,6567.9,3613.2,-3265.2,-5336,-1741.2,1253.1,864.36,759.8,3048.9,4071.4,1047.1,-2575.3,-2720.1,-1369.2,-2355.5,-3690.3,-583.66,5392.1
-2243.9,-1425.3,1204.5,2032.3,227,-921.34,577.13,2230.1,1245.2,-1093.5,-1844.2,-994.04,-668.6,-1138,-654.2,1214.1,2719.1,2451.9,768.15,-1216,-2362.5,-1609.2,788.01,2429,1213,-1580.7,-2741.7,-1465.2,125.96,717.3,1209,1889,1280.4,-869.27,-2215.1,-1213.8,475.69,872.83,601.43,751.04,294.23,-1435.4,-1903.4,1188,5041.8,4653.4,155.62,-3121.8,-2422.7,-981.33,-2138.4,-4125.2,-3409.1,-233.73,2274.8,2603,1626.2,319.84,-704.83,-543.64,676.38,928.9,-821.23,-2079.8,-59.659,3540.8,4414.1,1957.7,17.682,853.5,2060.6,896.38,-1619.8,-3018.2,-3154.3,-3234.3,-3083.3,-1991.3,-854.11,-862.84,-1025.9,443.01,2838.9,3550.9,1782.8,-493,-1307.5,-494.66,1179.5,2696.4,2678.4,726.98,-1111.4,-504.8,1463.9,1462.2,-862.1,-2100.4,-705.82,255.89,-1585.7,-3298.7,-1185,2570.2,2645.3,-1079.1,-3187.8,-1153.4,1138.8,190.24,-1551.9,-293.04,2604.3,3006.7,637.68,-1229.1,-1509.3,-2030.7,-2679.7,-735.74,3650.4,5791.6
-3091.3,-1110.9,1556.8,1168.4,-884.87,-296.33,2678.1,3586.7,1097.1,-1431.8,-1845.6,-1652.4,-1929.1,-1399.1,294.2,1402.6,1266.8,1124.2,988.07,-490.84,-2314.3,-1491.2,1683.6,3003.4,708.14,-1774.9,-1577.1,-555.13,-912.89,-877.99,1499.1,3747.6,2516.3,-841.62,-2523.6,-2068.5,-1580.4,-969.81,1234.3,3406.7,2291.2,-1059.2,-1753.4,1540.5,4118.6,1980.9,-2623.2,-4760.4,-3237.6,-929.33,-390.77,-1429,-2219.2,-1264.8,1226.1,3118.4,2374.3,-120.85,-1024.7,1291.6,4273.5,4122.6,428.11,-3366.2,-3847.4,-1067.9,1962.4,2698.1,1570.5,827.25,1220.2,1085.5,-789.4,-2968.3,-3481,-2807.3,-2708.7,-3049.8,-2258.8,-440.55,711.81,1065.5,2246,4228.6,4568.1,2076.9,-1091,-2229.3,-1122.1,543.75,1115,-68.122,-1789,-1208.8,2489,5301,2965.6,-2039.1,-3143,146.21,1119.3,-2883.8,-5338.6,-1341.9,3355.8,1266.3,-4332.9,-4680,217.6,2528.6,331.64,-75.177,3561.8,5181.6,1441.5,-2320.1,-1677.3,-326.66,-2036.3,-2912.6,1203.8,5761.1
-305.4,11.448,1628.7,1102.2,-1049.7,-642.22,2731.8,4225.6,1028.5,-3605.7,-5394.5,-4131.5,-1900.5,263.49,1853.5,2023.4,1216.5,1090.1,1404.4,54.474,-2360.5,-1934.4,2115.9,4562.8,1480,-3235.1,-3531,-456.31,230.27,-2020.2,-1949.6,1978.2,4464.6,2017.7,-1480.7,-1461,271.27,-156.65,-1464.3,-51.12,2640.5,2052.7,-1117.3,-1135.4,3205.2,5529.5,1273.9,-5042.8,-6272.2,-2727.5,-575.44,-1981.9,-2602.7,664.95,4498.7,4067.9,-155.56,-3422.8,-2878.1,-107.31,1768.5,1460.7,84.95,-253.56,1481.4,3818.7,3973.2,1324.5,-1283.8,-1063.1,932.9,1468.4,-162.72,-1591.8,-1489,-1433.2,-2774.3,-4141.1,-3723.1,-2142.4,-1077.9,-360.06,1359.8,3665.7,4254.4,2012.3,-1129.2,-1954.5,674.56,4138.1,4153.9,-236.69,-4198.2,-2205.9,3963.5,6100.5,530.27,-5935.4,-5260.5,196.08,1749.1,-1881.3,-3099.8,1441,4884.9,1378.6,-4193.5,-4050.4,369.26,1844.4,-467.88,-829.67,2216.6,3379.8,225.18,-2513.9,-1139.3,1081.7,242.17,-1372.7,159.6,2988.4
-3764,-2776.1,1537,2702.6,44.919,-316.86,3696.6,6206,2800.9,-2777.9,-4883.6,-3498.7,-1701.5,-169.96,1592.7,2188.6,693.7,-731.45,-337.59,-51.281,-1537.9,-2176.2,531.9,3441.1,2034.1,-1894,-2738.9,-62.274,1243.8,-396.33,-1004.4,1346.5,2988.8,1191.2,-1299.4,-1487.4,-1052.5,-2183,-2731.3,-160.88,2992.7,2782.3,699.91,1338.2,4311.8,4263.7,-617.05,-5348.9,-5226.5,-1927.6,9.086,-305.68,-258.95,1319.1,2457.5,1121.5,-2019.3,-4273.1,-3530.5,-203.27,2977.4,3436.6,1411.6,-340.89,172.51,1894.2,2296.4,625.33,-1300,-1370.9,428.21,2114.5,1903.8,55.853,-1617.5,-1945,-1547.4,-1575,-2064.6,-2279.2,-1965.4,-1148,691.71,3536.4,5187.1,3031.9,-1737,-4016,-922.92,3554.7,3006.5,-2580.6,-5834.2,-1467.4,5967.9,7220.7,412.8,-6214.3,-5164.3,553.53,2460.6,-921.83,-2548.7,1620.4,5903.1,3564.4,-2637.3,-4622.3,-1144.8,1296.6,-530.72,-2064.8,324.12,2850.5,1039.2,-2318.5,-1849.4,1212.3,1245.5,-1903.7,-2394.8,1692
-395.53,832.1,2913.3,1316.3,-2747.6,-2754.9,2553.3,6003.5,2221.9,-4731.3,-7634.7,-5390.3,-1934.9,438.84,2112.1,2912.2,2244.1,1163,874.34,484.37,-736.23,-719.72,2117.7,4729.1,2999.3,-1579.2,-3606.2,-1871.1,-611.59,-1976.7,-2624.9,-32.876,2654.4,1590.5,-1581.2,-2552.2,-891.43,417.58,392.27,717.26,1660.2,1547.2,608.34,1404.3,4206.3,5309.8,1938.7,-3567.6,-6651.3,-5981.3,-3855.1,-2270.2,-916.95,1069.9,3196.8,3987.3,2546,-383.92,-2651,-2480.9,-495.46,837.6,429.79,127.65,1800.9,4057.3,3973,1558.9,-83.491,600.78,1462.4,290.81,-1810.7,-2661.4,-2668.1,-3569.8,-4691.1,-3626.4,-594.67,1036,-384.01,-1971.5,-202.15,3962,5941.2,3183,-1520.3,-2801.5,1290.8,6242,5280.9,-2096.4,-7611,-3666.1,5578.2,8041.9,-29.327,-8103.8,-6037.2,1427.3,2600.6,-2796.6,-3863,3076.1,7865.2,2623,-5684,-6381.4,-1134.3,811.99,-1564.1,-1103.6,3503.8,5119.2,966.92,-2370.6,-468.91,1616.1,-904.31,-3380.6,198.3,5785.2
-1225.9,-622.35,3721.4,5350.7,984.03,-3310.9,-1369.8,3186.7,2584.5,-3325,-7597.6,-6512.2,-2965.2,-247.94,1681.5,3265.2,3587.3,2594.9,1497.8,469.62,-919.08,-1279.4,903.89,3482.3,2743.3,-633.68,-2163.9,-535.64,708.71,-531.36,-1805.5,-1052.3,-35.629,-566.43,-1493.8,-1827.4,-2675.1,-3597.5,-1626,2972.5,4861.5,1732.2,-632.05,3083,8356.6,6968.9,-354.43,-5195.2,-4183.4,-2476.9,-3878.4,-5163.7,-2791.5,1050.8,2549.3,1698.3,400.92,-943.32,-1962.9,-1022.1,1624.4,2690.4,789.53,-714.24,1114,3921.3,3891.3,1586.8,127.84,-60.997,-617.39,-1322.4,-1048.1,-1120.6,-3389.4,-5940.9,-5111.8,-1288.4,1511.8,1632.3,1222.4,1734.6,2217.6,2371.4,3003.5,2977.7,337.8,-2757.2,-1573.7,2973.8,3602.8,-2330.3,-6937.9,-2651.4,5524,6233.3,-1773.1,-7856.1,-5036.8,827.08,1263.9,-2044.7,-1211.4,4720.4,8159,4445.2,-1739.2,-3890.2,-2410.2,-1701.4,-2119.9,-410.54,3057.9,3545.5,-315.49,-3413.3,-1815.4,952.57,-196.08,-3141.9,-1799,3378.4
-11054,-1217.6,9868.9,5885.9,-7273.9,-9928.7,2476.3,14260,12418,993.79,-9099.4,-12903,-10650,-3585.6,4839.2,9589.5,9170.7,6239.6,2682.5,-1116.5,-2909.7,-815.54,1612.3,-517.45,-4806.8,-4829,-1488,-1684.2,-5043.7,-2973.8,5998.3,11192,5685.6,-2968.9,-5251,-3715.9,-5495.3,-8479.3,-5786.5,950.04,3890.1,2203.1,2676.6,7645.8,11467,9922.3,5564.7,2184.1,-66.582,-2461.3,-5071.4,-7249.9,-7718.6,-5054.4,-992.76,-445.16,-4161,-5476.7,-372.61,3927.5,-863.58,-9094.8,-7717.8,3432.9,10567,6857.8,1579.5,3659.4,8206.4,7085.7,2826.3,2307.4,3963.8,1716.9,-3180.4,-4568.2,-2877.3,-4304.9,-9379.6,-11408,-7081.2,-947.08,2300.6,3436.2,4334.4,3603.3,-16.319,-3530.9,-2727.7,1892.5,5050.3,3233.7,-72.942,1835.1,8801.1,11121,1833.9,-10916,-12243,-1467.8,5955,1224.2,-4984.9,-860.43,6745.7,4171.2,-5633.8,-8165.3,-1873.1,453.4,-4927.8,-6248.3,2325.5,9857.9,7159.7,1104.4,387.77,508.35,-4598,-7612.3,276.41,10863
-9415.5,448.33,10346,6261.3,-5390.9,-7730,1672.4,9190.6,5882.9,-2751.5,-8193.3,-9048.5,-7116.9,-2297.3,4360.3,8511.4,7337.6,2974.6,-780.99,-1976.9,-267.38,2899.4,3765.1,242.11,-3897.8,-3664.3,-792.58,-757.26,-2542.8,326.31,7419.8,9393.5,2054,-6375.8,-7664.1,-5258.9,-6249.7,-8527.8,-5312.7,1926.1,5217.3,3115.3,2421.2,6404.1,9794.9,7715.3,2747.4,-60.488,-293.17,-962.48,-3316.6,-5547.7,-5213.9,-1912.9,1515.6,1313.2,-2064.8,-3436.4,-481.42,1423.3,-2821.4,-8232.4,-5618.5,3847.9,8979.3,4870.4,-392.1,964.64,5126.4,4780.9,1174.3,219.05,1666.7,797.16,-2044,-2261.4,-239.71,-1384.5,-6327,-8749.6,-5082.7,210.69,2084.4,1953.8,3207.9,4292.9,1713.6,-2545.5,-2563.1,2437.7,5818.8,2715.6,-2343.6,-1385.2,4955.9,7071,-69.89,-8482.6,-7594.6,462.58,3850.8,-1304.6,-5538.8,-1437.9,4725.9,3534,-2612,-4363.5,-720.32,1100.2,-788.58,-524.61,3613.1,5418.4,1741.7,-2194.3,-2468.5,-2508.5,-4286.4,-2373.9,5780.9,11414
-6821,-457.86,4455.8,2199.6,-2080.8,-1264.1,2831.2,3903.5,1585.4,-26.526,-917.88,-4229.7,-8230.9,-7141.3,-496.33,5222.9,5908.6,4738.5,5393.8,5873,2878.6,-1576.1,-2639.3,0.37505,1478,-1373.2,-5653,-6251.6,-2429.7,1404.4,1496.7,-609.57,-919.28,742.13,524.85,-2880.6,-5163.5,-2277,3475.1,6506.9,5075.1,1849.9,-836.1,-2236.6,-1033.9,3289.5,7177.4,5819.8,-216.31,-5360.3,-6481.6,-5525.7,-4223,-1487.1,2207.3,3189.2,259.44,-2544.3,-2077.8,-754.79,-1493.9,-2174.7,362.17,4209,5259.6,3683.9,2672.5,2770.2,2282.2,1523.1,1695.7,1097.9,-2339.9,-6020.2,-5746,-2912.5,-2629.4,-4992.7,-4792.8,-613.13,2599.6,2013.4,1389.4,3906.3,6403.1,4970.4,1467.8,-178.01,-341.01,-1589,-3228.6,-2783.3,-717.75,811.06,2056.6,4068.3,4577.4,412.7,-6411.1,-9508.1,-5608.5,1879.6,7043.9,6744,2075.1,-2870.8,-4070.2,-1626.3,5.8975,-2065.9,-4713.6,-3175,1934.5,5828.8,6274.8,4646.9,1433.6,-3846.8,-8191.4,-6414.8,1302.2,7925
-5695.8,34.751,8306.4,6819.2,-3250.5,-6857.3,1521.2,9020.8,4751.4,-4811,-8963.9,-8864.3,-10047,-9280.5,-1290.6,8651,11427,8424.5,7279.3,7436.7,2665.8,-4575.9,-4925.7,1511.7,3693.9,-2871.8,-9127.3,-7266,-1779.1,190.62,208.99,2816,5589.4,3239.6,-2746.8,-6034,-4329,-313.2,3770.6,6736.7,6006.9,611.61,-4607.7,-3511.6,2921.9,7545.7,6236.9,1558.4,-2781.2,-6259.1,-9066.7,-9448.6,-6001,-537.57,3276.8,3397.4,925.78,-1079.9,-411.63,1876,2522.2,503.73,-933.66,1527.9,6334.3,8752.2,6812.5,3115.3,983.09,1014.7,1384.6,-179.48,-4382.5,-8910.2,-10022,-7231.1,-4681,-5451.9,-6680.6,-4003.4,1119.5,3610.7,3353.1,5312.4,10185,11502,5348.9,-2482.7,-3952.9,216.26,2544.7,8.4326,-2460.7,-73.439,4966.3,6765.2,3021.5,-3424.3,-8814.3,-11510,-10736,-5212.3,4267.5,11935,10863,1477.9,-7164.9,-7822,-3754,-2517.8,-3969.6,-1432.8,5995.9,10672,7954.7,2534.9,-633.11,-3903.1,-9381.4,-10913,-2478.3,9733.9
-3893.6,-1409.7,1586.8,2436.8,1540.7,922.6,1345.4,1878.9,1509.3,216.27,-1248,-2099.1,-2171.8,-1931.7,-1628.8,-828.88,546.06,1292.8,346.16,-1183.7,-1096.8,670.84,1806.3,1107.9,170.24,556.95,1292.1,784.75,-410.34,-735.1,-301.38,-308.09,-672.55,-425.74,140.21,-30.436,-494.49,83.221,1160.9,708.9,-1239.5,-1993.7,-147.52,2167.2,2402.9,1105.9,548.63,1186.7,1370.4,-54.761,-2436.8,-4304,-4535.9,-2894.4,-367.96,1328,1393.6,735.6,543.31,751.56,672.91,390.37,493.96,998.15,1516.2,2005.3,2398.2,2102.5,931.58,-101.07,-150.71,-102.01,-1271,-2979.9,-3203.1,-1654.4,-446.6,-1147.2,-2641.1,-2743,-926.59,1370.2,2527.5,2161.6,1104.6,399.63,275.82,225.22,155.12,714.83,1892.3,2303.9,1130.3,-171.08,136.78,1082.2,288.27,-2035.7,-3119.6,-1950.2,-665.87,-733.27,-713.81,565.08,1500.9,672.1,-267.59,488.27,1283.2,-256.34,-2540.7,-2079.6,677.7,1871,512.2,-282.31,819.6,876.9,-1782.3,-3688.8,-1298.8,3055.4
-161.42,700.73,1494.9,747.66,-690.47,-796.41,560.63,1504.2,834.4,-723.63,-1932,-2328.6,-1881.4,-555.03,1184.7,2163.3,1521.5,-201.56,-1469.5,-1314.1,-256.69,487.01,473.13,257.39,261.26,197.44,-68.328,11.385,595.77,704.05,-372.94,-1609.8,-1556.1,-547.91,-5.428,25.679,647.1,1595.1,1301.3,-199.93,-864.02,117.04,1138.6,1271.4,1753.6,2796.7,1953.4,-1660.9,-4289.9,-2400.3,1340.1,1386.6,-2332,-4283.5,-1848.5,1011.4,343.69,-1964.8,-1940.5,205.37,1271.6,612.04,673.53,2547.4,4222.6,3683.7,1505.2,-284.38,-523.12,343.15,926.67,149.59,-1557.5,-2521.8,-1838.7,-567.8,-237.64,-885.87,-1492.8,-1613.7,-1465.6,-991.41,-2.4803,1131.9,1843.9,1934.7,1189.5,-537.79,-2073.3,-1344.9,1521,3242.9,1647.7,-740.95,-239.88,2146.1,2087.7,-1252,-3821.3,-2790.9,-179.13,1111.4,1291.6,1550.5,1119.2,-672.44,-1871.5,-615.42,1357.5,1076.4,-1038.3,-2093.8,-1371.9,-721.29,-668.65,376.19,2535.9,3265.4,1053.8,-1990.9,-2810.3,-1171.6
-2384.1,-3397.4,-901.01,2136.3,2245.4,854.17,1272.4,2679.2,1677.3,-1453,-2837.4,-1193.4,506.92,186.34,-532.45,90.187,971.2,556.1,-550.94,-1010.7,-749.89,-138.65,976.44,2172.3,2127.7,589.44,-889.19,-1131.3,-698.18,-322.2,215.72,810.38,539.21,-594.79,-1278.7,-1095.5,-1090.2,-1381.8,-706.71,653.28,493.21,-1176.3,-955.52,2462,4933,2568.2,-1907.6,-2874.7,-102.5,1528.1,-159.27,-2058.4,-1445.2,301.33,946.66,663.43,430.72,144.82,-146.46,331.87,1137.3,572.81,-1232.4,-1805.3,-200.42,1287.3,835.51,-158.61,68.276,615.31,-0.99978,-988.32,-962.91,-586.11,-1039,-1566.4,-1029.8,-293.75,-499.48,-546.76,933.46,2594.7,2382.6,1172.1,1127.1,1674.6,821.19,-516.72,178.55,1786.2,501.35,-3351.8,-4571.5,-1052.4,2301.4,810.64,-2854.5,-2996,453.24,2450.8,818.64,-1144.9,-411.92,1522.1,1715,199.67,-817.85,-539.13,-166.41,-451.95,-529.41,404.34,1484,1258.4,-101.78,-939.86,-612.92,-376.95,-901.34,-560.71,1846.3,4018.5
1001.4,-410.15,-591.82,308.33,734.46,641.31,1018.5,1340.2,256.87,-1564,-2012.2,-933.07,-346.5,-984.76,-1160.5,190.01,1630,1490,198.76,-820.24,-1122.2,-972.28,-336.17,673.69,1227.2,720.34,-278,-757.11,-420.64,350.11,1049.5,1198.2,630.33,-105.17,-347.99,-336.07,-636.79,-760.31,132.49,1166.7,488.97,-1420.5,-1573.6,1099,3470,2387.5,-786,-2348.8,-1590.3,-998.74,-1803.6,-2398.7,-1429.2,242.12,1338.1,1737.2,1510.3,412.99,-801.12,-487.5,1383.6,2557.8,1560.4,-160.1,-567.98,-29.637,-186.5,-975.34,-892.57,243.43,877.98,216.41,-618.37,-480.81,85.098,-143.71,-1171,-1777.3,-1134,218.31,1057.2,836.09,176.85,-2.76,333.94,368.8,-337.68,-1097.5,-903.63,293.6,1490.1,1698.6,876.53,-141.1,-502.11,-168.5,180.8,173.28,276.94,841.85,1100.3,117.22,-1466.4,-1920.3,-832.34,286.84,229.24,-426.1,-689.75,-622.1,-508.33,45.358,1021.8,1290.6,324.91,-637.93,-592.43,-490.79,-1172.9,-1172.1,879.26,3003.7
-2661.3,-739.96,937.46,1329.8,927.87,163.97,-778.02,-1112.1,-49.997,1776.5,2734.4,2098.9,627.26,-627.07,-1122.6,-688.54,289.06,620.5,-589.71,-2487.9,-3142.3,-1829.6,228.98,1472,1433.6,549.5,-492.07,-1064.6,-1084.3,-1165.3,-1523,-1121.5,851.9,3051.6,3264.9,1662.8,793.71,1850.4,2954.9,2107.6,-23.259,-1596.7,-2265.1,-2703.5,-2722.8,-1674.6,-37.73,983.42,973.26,234.77,-1047,-2307.9,-2196.1,-248.95,1776.1,1930.7,762.19,154.72,173.62,-689.49,-2398.9,-2932,-1278.2,1239.6,3085.5,3972.9,3764.4,2095.7,-78.638,-678.64,593.34,1425.7,294.12,-1174.4,-936.47,6.2144,-883.87,-3562.1,-5050.1,-3249.1,441.31,2672.8,1617.2,-1194.8,-2404.9,-664.57,1403.5,540.24,-2102.3,-1955,2114,5314.1,3718.9,395.92,813.7,4248.3,4806.8,507.07,-3949.8,-4521.4,-3018.6,-2632.6,-2517.3,-385.75,2402.9,2474.5,-161.16,-2043.4,-1279.4,385.36,692.05,-355.37,-1295.8,-1026.6,553.7,2385.6,2648.1,563.8,-2218.4,-3194.1,-1781.7,548.03
-2580.1,-795.8,1012.6,2087.2,1784.1,45.483,-1609.8,-1423,254.29,1505.1,1504.4,953.15,228.26,-840.85,-1486.1,-580.54,1056,1191.5,-514.93,-1941.5,-1774.8,-1018.8,-528.94,386.6,1743.9,1862.6,207.79,-1147.1,-782.74,-283.97,-1095.2,-1463,513.92,2849.3,2321.7,-145.42,-695.55,1383.9,2786.3,1610.4,-209.67,-838.28,-1302,-2669.3,-3479.9,-2117.2,381.79,1863.1,1777.6,774.33,-764.41,-2150.2,-1940.2,149.71,2149.6,2265.8,1174.2,381.39,-242.6,-1442.9,-2441.7,-1985.8,-586.99,394.28,1063.6,2216.2,3028.6,2032.1,30.175,-555.17,638.77,1373.6,418.22,-678.78,-376.54,312.32,-538.5,-2815,-4360.8,-3461.8,-679.94,1570.4,1379.7,-318.97,-564.3,1499.6,2680.9,113.35,-3633.5,-3293.9,1360,4633.9,3041.4,197.63,869.85,3645.9,3569.8,-29.953,-2912.8,-2553.1,-1106.6,-1117.8,-1878.9,-1563.6,-368.14,278.37,15.826,-462.25,-698.55,-650.78,-369.99,-193.39,-439.89,-495.52,698.05,2705.6,3364.1,1351.7,-1885.1,-3590.5,-2461.9,535.43
-2737.1,-1170.9,1960.2,3494.7,1832.4,-1023.6,-2024.5,-767.1,666.04,838.73,254.54,-307.42,-959.61,-1672,-1532.4,-88.188,1453.8,1534.6,327.6,-598.45,-506.55,-154.7,-120.32,135.81,872.88,1110,300.98,-212.47,758.78,1654.7,171,-2383.1,-2035,1552.2,3295.3,-206.96,-4828.9,-4214.7,898.89,3654.1,1178.8,-1647.8,-242.2,2827.2,2591.2,-327.54,-1258.1,675.75,1302.7,-1702.1,-4976.1,-4275,-235.79,2897.8,2713.8,646.41,-786.11,-829.74,-277.73,309.98,1136.4,2076.7,2103.3,662.58,-882.36,-600.02,1116.9,1708.7,173.98,-1277.6,-700.94,384.05,-455,-2315.3,-2273.3,-261.78,645.57,-994.1,-3004,-3064.8,-1410.7,788.98,2971.7,4033.2,2559.3,-229.09,-644.44,2273.5,4447.8,2240.5,-2191.2,-4089.4,-2604.9,-616.49,368.55,1173.7,1651,578,-1101.7,-855.11,1013,1153.5,-1554.1,-3905.1,-3039.2,-251.36,1560.7,1674.3,994.45,61.296,-550,105.73,1532.1,1611.3,-176.94,-1554.7,-1109.3,-539.16,-1098,-738.75,2075,4413.1
-2340.3,-1297.2,1842.5,3533.2,1829.2,-486.84,-361.29,866.15,338.87,-1400.7,-1955,-1500.2,-1825.3,-2309.6,-792.18,2139.7,3408.5,1978.6,-33.62,-905.38,-1053.3,-981.49,-298.63,654.08,682.58,-75.738,-48.409,1034.1,1402.4,66.796,-1513,-1542.2,-215.79,905.9,746.24,-515.45,-1547.3,-801.66,1446.5,2501.6,551.62,-1988,-1105.5,2837,4958.2,2564.8,-1251.6,-2501.4,-1815.7,-2350.9,-4278.8,-4656.6,-2068.9,1434.1,3134.1,2371.6,277.33,-1640.5,-2254.6,-1213.4,928.81,3155.5,4432.8,3919.2,1727.7,-409.9,-599.22,718.02,1264.9,330.68,-401.21,-187.3,-721.53,-2662.1,-3484.1,-1489.5,486.85,-1043.7,-4344.5,-4592.2,-1097.3,1962.7,2125.8,1569.8,2370.2,2942.6,1390.8,-751.76,-801.3,1021.6,2222.5,1520.2,-134.49,-1150.7,-622.39,1084.8,2259.9,1419.4,-579.09,-1472.9,-956.97,-1023,-2316,-2702.3,-799.14,1485.2,1716.7,202.11,-1261.5,-1939.9,-1734.3,-290.19,1592.3,1800.6,70.525,-1092.9,-609.86,-815.85,-2571.2,-2156.2,2709.5,7238.1
2121.5,-1883.2,-3520.2,-734.18,2578.3,2684.9,891.35,169.39,411.32,19.946,-404.77,581.97,1878.7,1238.8,-824.31,-1738.4,-1034,-753,-1748.8,-2446.2,-1625,18.705,1416.3,2016.9,1115.9,-1245.7,-2771.3,-1214.4,1663.1,1827.2,-823.11,-1949,274.76,2143.3,814.17,-748.54,924.78,3419.6,2388,-920.91,-1827.8,-171.88,178.88,-945,338.26,3799.6,3732.8,-1548.2,-5441.2,-2668.8,2291.4,2014.1,-2683.8,-4828.4,-2208,552.26,215.68,-1146.1,-1238.2,-926.79,-857.5,513.35,3274.3,4490.9,2757.2,817.05,1063.4,1755.4,703.37,-456.37,567.22,1866.7,165.16,-3060.1,-3206,11.767,1665.5,-839.92,-3822.5,-3098.2,-44.447,1225.9,263.26,140.4,1851.5,2485.1,-292.2,-4423.5,-5633.6,-2389.4,2491.2,4925.5,3562.1,640.97,-755.79,121.83,1510.9,1744.8,1112.2,787.12,834.28,267.83,-1189.3,-2396.4,-2103.5,-480.43,943.94,789.1,-700.92,-1731.6,-901.64,868.28,1129.9,-857.01,-2601.9,-1319.9,2082.5,3612.3,1127.2,-2812.6,-3995,-1494.7
-3929.9,-1681.2,1079,2066.6,1443.6,949.91,1382.8,1850.4,1340.5,114.67,-818.54,-1091.2,-1246.8,-1666.9,-1795,-908.47,526.34,1028.1,-6.1211,-1233.1,-953.61,623.78,1696.2,1324.5,439.2,183.15,416.14,435.39,173.63,-89.688,-402.28,-721.91,-558.39,136.93,478.68,-9.8126,-372.55,252.71,863.68,-34.882,-1739.2,-1937.5,-96.531,1619.9,1426.9,286.35,207.75,1372.7,2102.1,1056.7,-1394.2,-3583.9,-3839.5,-1924.2,444.5,1199.1,320.55,-278.4,458.58,1356.6,1075.9,150.1,-164.51,142.26,396.79,759.57,1602.2,2163.3,1535.6,411.47,54.313,20.274,-1049.9,-2606.2,-2539,-708.75,275.45,-1170.2,-3114.2,-2875.7,-688.27,1122.5,1518.3,1439.2,1645.9,1671.5,1048.2,272.79,114.03,609.73,1066.1,836.44,95.065,-208.3,445.67,1117.8,438.51,-1281.6,-2177.4,-1448.5,-449.78,-421.38,-663.4,-180.2,361.31,8.6959,-437.22,158.45,826.52,-80.714,-1666,-1441.3,625.04,1906.8,1299.5,572.85,697.51,53.387,-1966.9,-2644.6,40.828,3416.3
-652.39,913.8,2367.7,1370.4,-1050.6,-1697.7,87.521,1616.4,953.43,-721.86,-1591.7,-1732.3,-1874.6,-1493.4,71.028,1701.8,1617.5,11.885,-1074.5,-549.04,509.99,773.32,481.51,529.76,711.28,140.44,-904.66,-967.26,370.85,1432.9,554.01,-1492.4,-2411.6,-1415.7,56.323,706.99,896.15,1199,1045.5,34.968,-639.8,269.52,1891.7,2353.5,1543.2,831.53,363.91,-1043.8,-3082.2,-3555.2,-1792.6,-112.9,-350.44,-1049.9,-200.11,1091.7,442.47,-1477.2,-1726.9,63.201,1046.8,39.869,-286.9,2146,4936.9,4421.6,1084.6,-1205.2,-662.01,612.6,401.66,-749.81,-1333.9,-1365,-1601.5,-1782.6,-1291.2,-662.47,-814.17,-1307.8,-971.52,21.703,376.29,7.5911,314.64,1570.8,1938.5,370.94,-1110.8,-34.913,2575.2,3269.2,1062.8,-1214,-1126.5,122.97,74.154,-1243.4,-1910.1,-1241.1,-170.19,771.24,1657.6,1724.5,89.565,-1973,-1899.2,385.1,1870.5,710.29,-1188.1,-1389.3,-608.94,-849.46,-1492.4,-294.39,2280.9,2921.5,305.95,-2539.9,-2163.9,775.82
-2045.6,-2462.2,342.72,3080.3,2581.1,373.97,-244.15,569.49,233.21,-1410.3,-1885,-413.13,842.34,363.52,-584.97,-345.45,648.84,914.71,91.471,-920.72,-1170.8,-385.24,898.79,1623.7,1168.3,64.249,-713.29,-881.9,-685.21,-150.94,603.51,916.37,457.23,-73.184,-180.02,-585.7,-1632.2,-1870.5,-267.26,1316.2,586.07,-1003.6,41.838,3350.5,4341.1,944.15,-2990,-3127.2,-465.81,996.09,80.602,-1135.1,-1222.6,-726.18,-291.82,9.2842,-96.044,-542.23,-205.72,1423.2,2669.2,1797.1,-129.23,-717.89,170.38,705.27,327.93,109.43,221.77,-252.21,-1052.6,-948.51,-276.34,-584.31,-1608.1,-1478.8,-252.52,-72.587,-1155.1,-1027.3,1033.8,2334.3,1356.5,503.09,1710.7,2657.9,767.92,-1789.6,-1286.1,1230.5,1422.3,-1277,-2795.9,-1033.2,1049.7,441.98,-1421.2,-1444.4,352.13,1368.9,399.93,-1127.6,-1404.5,-214.59,1241.1,1644,737.35,-470.39,-823.23,-220.7,644.36,1248.5,1231.4,172.07,-1472.3,-2014.8,-695.94,641.02,75.774,-1022.4,59.958,2531.8
-1484.1,-1488.1,-682.47,116.88,600.37,1242.2,1774.7,1220,-47.446,-250.77,945.82,1529.7,242.51,-1320.7,-1232.3,-143,140.37,-447.51,-776.21,-816.51,-1185.8,-1203.2,245.47,2237.7,2503.6,666.27,-1226.3,-1623.3,-1048.2,-461.63,55.802,436.5,190.43,-425.51,-316.3,659.2,1254,880.73,530.36,799.26,709.11,-261.74,-637.32,783.35,2380.1,1587.2,-1315.3,-3426.2,-3127.2,-1762.9,-1126.2,-1093,-556.88,629.45,1648.4,1880.5,1280.2,158.81,-744.81,-485.69,1031,2454.4,2166.5,138.87,-1852,-2073.6,-663.38,668.67,695.17,-1.2027,-74.894,602.73,827.22,-46.495,-1105.8,-1303.6,-955.77,-909.91,-958.35,-324.49,676.88,906.45,322.1,171.33,893.51,1230.2,214.54,-1099,-1007.4,434.14,1549.4,1274.9,178.29,-733.87,-1211.7,-1415.4,-1135.9,-74.421,1280.1,1740.6,752.82,-687.43,-1031.4,-90.219,745.82,468.78,-215.18,-210.77,160.73,-111.42,-768.31,-632.82,229.85,440.51,-371.94,-962.94,-708.73,-547.67,-795,-72.652,2058.3,3334.8
-3891.8,-1201.7,2629.6,3731.8,1714.9,-143.14,211.17,1153.5,603.33,-886.87,-1737.2,-1945.8,-2267.2,-2272.7,-1105.1,705.93,1771.3,1652.9,967.04,213.31,-457.01,-741.84,-382.83,352.36,918.51,1018.4,742.94,545.12,848.1,1112.8,26.545,-2234.2,-3063.2,-879.61,1550.8,526.69,-2382.4,-1966.6,2126.2,3805.2,-0.89687,-3583.9,-790.24,5115.4,6133.2,1534.2,-1900.1,-1010.9,-264.46,-3089.9,-5942.7,-4470.8,-497.97,1411.8,800.47,353.87,562.21,-208.66,-1580.4,-1232,1091,2949.1,2835.2,1861,1488.2,1701.1,1885.1,1873.8,1644.3,1060.4,129,-1146.7,-2796.1,-4106.1,-3747,-1766.3,-392.43,-1306.8,-3027.9,-2822.2,-510.94,1614.6,2204.4,2038.8,1926.9,1559.3,809.62,389.29,650.62,1014.9,935.17,418.86,-356.21,-908.32,-340.53,1337.2,2351.1,1263.8,-667.31,-1175.2,-448.77,-568.93,-1844.1,-2388.3,-1404.6,-178.06,456.26,896.63,787.86,-691.35,-2167.1,-1176.6,1348.4,1624.3,-803.15,-1924.5,-241.66,274.77,-2412.3,-3349.8,1709.8,7915.2
-668.09,225.28,1305.4,1184,336.11,595.74,1776.1,1459.7,-972.54,-2914.2,-2577.7,-1700.8,-2187.7,-2642.4,-969.91,1598.6,2244,1021.1,365.52,887.26,897.56,-36.255,-235.79,930.29,1822.3,1305.6,406.48,215.67,177.5,-424.92,-1010.9,-896.21,-552.8,-622.28,-843.07,-806.3,-628.03,-210.96,813.92,1760.7,1180.5,-570.35,-936.45,1150.7,2982.3,1611.9,-1677.5,-3080.5,-1774.3,-771.5,-1983,-3255.9,-1730.3,1829,3975.1,2933.4,246.98,-1670.7,-2030.1,-1354.3,0.9612,1912.2,3540.6,3602.5,2012.1,385.01,134.14,663.42,469.2,-466.49,-892.77,-793.31,-1664.4,-3575.3,-4061.6,-1678.1,986.51,348.73,-2873.2,-4212,-1490.1,2411.3,3844.4,3018.5,2442.2,2534.3,1498.6,-885.73,-2113.9,-548.19,1789.2,1764.7,-421.34,-1409.4,523.11,2879.8,2454.5,-112.86,-1507.4,-805.73,-534.4,-2151.8,-3420.4,-2065.8,372.84,936.49,-254.29,-903.43,-700.55,-1115.3,-1677.1,-345.57,2236.4,2868,1000.7,-259.3,264.69,-283.49,-2871.1,-3237.1,1447.1,6531.8
3261.1,308.34,-3082,-2440.4,1170.1,2751.5,870.53,-854.4,-85.01,975.77,271.24,-343.83,1158.2,2736.2,1312.2,-2074.4,-3769.7,-2913.3,-1857.1,-1816.5,-1490.8,-87.447,1228.5,1410.8,785.52,-94.645,-857.17,-575.11,1187.8,2634.5,1470,-1472.5,-2877,-1486.2,683.77,2007.2,3017.1,3728.1,2611.1,-205.51,-1879.8,-936.16,563.41,868.98,1168.8,1855.9,103.99,-4884,-7846.1,-4115.9,2206.2,3132.3,-1352.7,-3382.8,400.01,3967.9,1957.4,-2204.5,-2632.9,-57.097,969.97,176.86,831.08,2978,3359.2,1412.6,48.549,367.87,411.79,-341.25,84.775,1671.1,1436,-1201.1,-2397.3,44.104,2360.2,261.13,-4106.1,-4991.5,-1437.8,1645.1,810.65,-1653.2,-2108.6,-921.16,-951.51,-2477.2,-2489.8,861.04,5152,6177.7,2932.5,-1060.8,-1720.8,1066.4,3722.6,3405.5,910.63,-1105.8,-1476.2,-1115.3,-1113.4,-1486.8,-1626,-1092.8,-35.083,699.44,264.14,-876.8,-1114.1,-14.725,517.45,-1100.5,-3121.5,-2342.3,1056.7,3063.3,1184.6,-1976.4,-2260.4,516.47
